,yield,y_classider,y_regression
2015-11-21 08:00:00,0.0,0.0,0.0
2014-07-29 20:00:00,0.0,0.0,0.0
2014-08-24 12:00:00,0.0,0.0,0.0
2014-01-29 14:00:00,19.08444816,1.0,15.1595596419
2015-11-02 14:00:00,0.0,0.0,0.0
2014-07-07 16:00:00,4.076086957,0.0,0.2877647715
2014-06-27 16:00:00,0.0,0.0,0.0
2014-08-08 06:00:00,0.0,0.0,0.0
2015-09-26 00:00:00,0.0,0.0,0.0
2015-09-10 16:00:00,0.0,0.0,0.0
2015-01-12 22:00:00,0.0,0.0,0.0
2015-09-14 04:00:00,0.0,0.0,0.0
2015-03-07 00:00:00,0.0,0.0,0.0
2015-11-24 04:00:00,0.0,0.0,0.0
2014-09-15 18:00:00,0.0,0.0,0.0
2014-11-01 06:00:00,0.0,0.0,0.0
2014-03-23 14:00:00,0.0,0.0,0.0
2014-07-10 16:00:00,0.0,0.0,0.0
2014-10-31 14:00:00,0.0,0.0,0.0
2015-02-17 22:00:00,0.459866221,1.0,1.5816610924
2015-10-21 06:00:00,0.0,0.0,0.0
2015-10-29 12:00:00,0.0,0.0,0.0
2015-08-11 00:00:00,0.0,0.0,0.0
2014-01-07 18:00:00,0.0,0.0,0.0
2015-02-01 02:00:00,13.39186176,1.0,14.005016722
2015-08-12 12:00:00,0.0,0.0,0.0
2015-09-12 00:00:00,0.0,0.0,0.0
2015-12-12 08:00:00,0.0,0.0,0.0
2014-09-27 12:00:00,0.0,0.0,0.0
2014-09-18 16:00:00,0.0,0.0,0.0
2015-02-05 14:00:00,0.0,0.0,0.5922519509
2014-01-19 04:00:00,16.28344482,1.0,15.5755295421
2014-04-05 16:00:00,0.0,0.0,0.0
2014-06-04 02:00:00,0.0,0.0,0.0
2015-08-31 02:00:00,0.0,0.0,0.0
2015-02-02 20:00:00,0.0,0.0,0.0
2014-07-01 10:00:00,0.0,0.0,0.0
2015-01-30 16:00:00,0.26477146,0.0,0.0
2013-12-08 00:00:00,0.0,0.0,0.0
2015-10-24 18:00:00,0.0,0.0,0.1477146042
2014-07-26 12:00:00,0.00696767,0.0,0.0
2014-09-27 14:00:00,0.0,0.0,0.0
2015-03-11 18:00:00,0.0,0.0,0.0
2015-12-13 22:00:00,0.0,0.0,0.0
2014-08-02 04:00:00,30.33723523,1.0,26.863851727
2015-11-29 10:00:00,0.0,0.0,0.0
2014-08-09 00:00:00,0.0,0.0,0.0
2015-02-13 10:00:00,1.268115942,1.0,3.017697882
2014-04-11 06:00:00,0.0,0.0,0.0
2014-12-04 22:00:00,10.77201784,1.0,4.5854236348
2015-10-12 00:00:00,5.734392419,1.0,2.3167502786
2014-08-23 08:00:00,0.0,0.0,0.0
2014-07-20 18:00:00,0.0,0.0,0.0
2014-04-19 12:00:00,1.435340022,0.0,0.0543478261
2015-03-09 06:00:00,0.0,0.0,0.0
2015-01-17 08:00:00,0.0,0.0,0.0
2014-01-29 16:00:00,6.11761427,1.0,15.075250838
2014-08-03 12:00:00,0.0,0.0,0.0
2014-07-27 06:00:00,0.0,0.0,0.0
2014-10-28 06:00:00,0.0,0.0,0.0
2015-08-20 02:00:00,0.0,0.0,0.0
2015-08-10 14:00:00,0.0,0.0,0.0
2015-10-16 04:00:00,0.0,0.0,0.0
2014-04-24 20:00:00,0.0,0.0,0.0
2014-12-24 08:00:00,0.0,0.0,0.0
2015-09-03 12:00:00,0.0,0.0,0.0
2014-08-04 08:00:00,0.01393534,0.0,0.0
2015-08-23 16:00:00,0.0,0.0,0.0
2014-12-26 22:00:00,0.0,0.0,0.0
2014-08-21 12:00:00,0.0,0.0,0.0
2014-08-28 16:00:00,0.0,0.0,0.0
2014-10-28 08:00:00,0.0,0.0,0.0
2015-11-28 04:00:00,0.0,0.0,0.0
2014-02-04 22:00:00,0.0,0.0,0.0
2015-11-29 20:00:00,0.0,0.0,0.0
2014-07-28 18:00:00,0.0,0.0,0.0
2014-12-24 10:00:00,0.0,0.0,0.0
2014-02-17 16:00:00,13.52424749,1.0,9.3081103678
2015-10-19 22:00:00,0.334448161,1.0,1.5893255297
2015-11-13 22:00:00,0.0,0.0,0.0
2014-05-10 18:00:00,0.0,0.0,0.0
2015-03-31 12:00:00,0.0,0.0,0.0
2015-11-07 06:00:00,0.0,0.0,0.0
2014-03-17 16:00:00,0.0,0.0,0.0
2014-06-06 12:00:00,0.0,0.0,0.0
2014-06-26 00:00:00,3.393255295,1.0,7.134197324
2015-01-09 14:00:00,0.00696767,0.0,0.1672240803
2013-11-29 22:00:00,0.0,0.0,0.0
2013-12-26 22:00:00,1.114827202,1.0,26.822742476
2015-08-22 18:00:00,0.0,0.0,0.0
2014-01-20 06:00:00,8.897714604,1.0,4.1903567447
2015-09-24 16:00:00,0.0,0.0,0.0
2014-01-17 16:00:00,4.542920847,1.0,8.3660813825
2013-12-30 10:00:00,0.0,0.0,0.0
2015-08-15 04:00:00,0.0,0.0,0.0
2015-08-24 18:00:00,0.0,0.0,0.0
2013-12-01 14:00:00,0.00696767,0.0,0.5406911929
2014-04-04 14:00:00,0.0,0.0,0.0
2014-01-28 20:00:00,9.148550725,1.0,5.7720178374
2014-08-17 10:00:00,0.0,0.0,0.0
2015-01-08 18:00:00,0.0,0.0,0.0
2014-03-09 02:00:00,0.0,0.0,0.0
2014-04-09 10:00:00,0.0,0.0,0.0
2015-11-07 08:00:00,0.0,0.0,0.0
2014-04-12 04:00:00,0.0,0.0,0.0
2013-12-30 20:00:00,0.0,0.0,0.0
2015-01-09 22:00:00,0.00696767,1.0,0.0
2014-08-17 02:00:00,0.0,0.0,0.0
2015-08-30 16:00:00,0.0,0.0,0.0
2015-11-10 02:00:00,0.0,0.0,0.0
2014-12-24 14:00:00,0.0,0.0,0.0
2014-04-21 04:00:00,4.549888517,1.0,5.7943143823
2014-04-27 06:00:00,0.0,0.0,0.0
2015-03-30 20:00:00,0.0,0.0,0.0
2014-01-19 12:00:00,18.5409699,1.0,13.4420289833
2015-09-29 10:00:00,0.0,0.0,0.0
2014-09-10 02:00:00,0.0,0.0,0.0
2015-10-02 14:00:00,0.0,0.0,0.0
2015-12-14 12:00:00,0.0,0.0,0.0
2013-12-21 04:00:00,0.0,0.0,0.177677547396
2014-10-03 12:00:00,0.0,0.0,0.0
2015-12-16 02:00:00,0.0,0.0,0.0
2014-09-17 10:00:00,0.0,0.0,0.0
2014-09-29 06:00:00,5.211817168,1.0,7.6916109249
2014-04-29 14:00:00,0.0,0.0,0.0
2015-02-19 00:00:00,0.529542921,1.0,2.2059643256
2014-06-23 04:00:00,0.0,0.0,0.0
2013-12-10 20:00:00,0.0,0.0,0.0
2014-02-03 22:00:00,0.0,0.0,0.2905518394
2014-02-01 14:00:00,2.236622074,1.0,4.1499442588
2014-05-16 12:00:00,0.0,0.0,0.020206243
2014-08-06 04:00:00,0.0,0.0,0.0
2014-05-28 04:00:00,2.431716834,1.0,7.8922798217
2014-02-20 18:00:00,0.0,0.0,0.0
2015-11-05 16:00:00,0.0,0.0,0.0
2014-10-15 14:00:00,0.01393534,0.0,0.0
2014-05-02 06:00:00,0.0,0.0,0.0
2014-08-21 02:00:00,0.0,0.0,0.0
2014-04-23 10:00:00,0.0,0.0,0.0
2014-12-02 10:00:00,11.61510591,1.0,7.2261705686
2015-12-11 00:00:00,0.0,0.0,0.0
2014-05-13 08:00:00,0.0,0.0,0.0
2015-08-05 12:00:00,0.0,0.0,0.0
2015-09-19 18:00:00,0.0,0.0,0.0
2014-05-11 10:00:00,0.0,0.0,0.0
2014-10-19 00:00:00,0.0,0.0,0.0
2015-11-26 12:00:00,0.0,0.0,0.0
2014-06-24 00:00:00,4.912207358,1.0,5.0306577482
2014-08-20 20:00:00,0.0,0.0,0.0
2015-11-30 00:00:00,0.0,0.0,0.0
2014-07-09 00:00:00,0.0,0.0,0.0
2013-12-12 12:00:00,0.0,0.0,0.0
2015-03-12 18:00:00,0.0,0.0,0.0
2014-01-15 04:00:00,0.0,0.0,0.1351727982
2014-09-16 08:00:00,0.0,0.0,0.0
2014-02-02 16:00:00,6.51477146,1.0,4.8710981047
2014-07-12 04:00:00,0.0,0.0,0.0
2015-03-16 18:00:00,0.0,0.0,0.0
2014-02-07 06:00:00,27.64074693,1.0,20.014632109
2014-12-08 00:00:00,0.0,0.0,0.0
2014-03-15 02:00:00,0.0,0.0,0.0
2014-07-07 00:00:00,11.15523969,1.0,9.6042363433
2015-11-04 16:00:00,0.02787068,0.0,0.040412486
2013-12-27 04:00:00,0.0,0.0,0.0
2015-09-05 20:00:00,0.0,0.0,0.0
2014-12-03 20:00:00,8.918617614,1.0,10.5629877357
2015-01-05 10:00:00,0.0,0.0,0.0
2015-02-20 22:00:00,11.58723523,1.0,12.6609531775
2014-02-19 10:00:00,0.04877369,1.0,1.6889632111
2014-04-04 06:00:00,10.45847269,1.0,11.718924192
2014-09-26 12:00:00,0.0,0.0,0.0
2013-12-09 14:00:00,0.0,0.0,0.0
2014-04-19 10:00:00,0.0,0.0,0.0
2014-03-23 20:00:00,0.0,0.0,0.0
2014-10-14 16:00:00,1.463210702,0.0,0.1031215161
2015-10-14 10:00:00,0.17419175,1.0,1.7837235228
2015-10-22 04:00:00,0.0,0.0,0.8960423634
2013-12-20 14:00:00,0.0,0.0,1.3022575249
2015-12-13 02:00:00,0.0,0.0,0.0
2014-08-15 04:00:00,0.0,0.0,0.0
2014-06-20 08:00:00,2.640746934,1.0,2.4526198439
2015-09-03 06:00:00,0.0,0.0,0.0
2015-12-02 00:00:00,0.0,0.0,0.0
2014-12-08 20:00:00,0.0,0.0,0.0
2014-01-29 20:00:00,0.02090301,1.0,5.2740828016
2015-01-10 18:00:00,0.0,0.0,0.0
2014-02-05 10:00:00,0.0,0.0,0.0
2014-12-19 22:00:00,0.0,0.0,0.0
2015-09-22 18:00:00,0.0,0.0,0.0
2014-01-21 16:00:00,1.407469342,1.0,1.4882943144
2015-08-16 14:00:00,0.0,0.0,0.0
2015-10-02 06:00:00,0.0,0.0,0.0
2015-01-12 12:00:00,0.0,0.0,0.0
2015-10-24 12:00:00,0.0,0.0,0.0
2014-10-09 12:00:00,0.0,0.0,0.0
2014-05-01 18:00:00,0.0,0.0,0.0
2014-03-28 20:00:00,3.023968785,1.0,3.5597826086
2013-12-24 06:00:00,0.0,0.0,0.0
2015-03-27 02:00:00,0.0,0.0,0.0
2014-09-25 06:00:00,0.961538462,1.0,2.0450111484
2014-06-02 00:00:00,0.0,0.0,0.0
2014-11-02 02:00:00,0.0,0.0,0.0
2014-12-25 10:00:00,0.0,0.0,0.0
2015-10-20 14:00:00,0.0,0.0,0.025780379
2014-01-09 14:00:00,0.0,0.0,0.0
2015-03-26 08:00:00,0.982441472,1.0,1.9530379041
2014-12-07 12:00:00,0.0,0.0,0.0
2014-05-02 12:00:00,0.0,0.0,0.0
2014-02-16 02:00:00,9.754738016,1.0,4.0649386845
2014-12-08 10:00:00,0.0,0.0,0.0
2014-02-20 02:00:00,0.0,0.0,0.0
2015-09-29 18:00:00,0.0,0.0,0.0
2015-10-20 04:00:00,0.01393534,1.0,0.7873467113
2014-04-06 18:00:00,0.0,0.0,0.0
2014-03-16 20:00:00,0.0,0.0,0.0
2015-11-01 04:00:00,21.39074693,1.0,18.564659977
2015-03-14 22:00:00,0.0,0.0,0.0
2014-03-31 00:00:00,0.0,0.0,0.0480774603143
2014-01-17 00:00:00,2.452619844,1.0,1.0367892977
2014-09-05 06:00:00,0.0,0.0,0.0
2015-09-21 14:00:00,0.0,0.0,0.0
2014-10-28 10:00:00,0.0,0.0,0.0
2015-11-30 20:00:00,0.0,0.0,0.0
2014-02-05 18:00:00,0.0,0.0,0.0
2015-01-17 18:00:00,0.01393534,1.0,0.2536231884
2014-06-27 00:00:00,0.0,0.0,0.0
2015-08-30 12:00:00,0.0,0.0,0.0
2014-05-02 04:00:00,0.0,0.0,0.0
2015-12-10 02:00:00,0.0,0.0,0.0
2014-12-22 06:00:00,0.0,0.0,0.0
2014-02-04 18:00:00,0.0,0.0,0.0355351171
2015-01-07 22:00:00,0.0,0.0,0.0
2015-03-31 14:00:00,0.0,0.0,0.0
2013-12-12 08:00:00,0.0,0.0,0.0
2014-10-16 10:00:00,0.00696767,0.0,0.0
2013-12-24 16:00:00,0.0,0.0,0.0
2015-03-09 02:00:00,0.0,0.0,0.0
2015-01-14 12:00:00,0.0,0.0,0.0
2013-12-20 10:00:00,0.982441472,1.0,0.8312430323
2015-10-21 22:00:00,0.0,0.0,0.0
2014-03-30 22:00:00,0.0,0.0,0.0
2015-08-11 02:00:00,0.0,0.0,0.0
2014-07-16 20:00:00,0.0,0.0,0.0
2014-12-08 06:00:00,0.0,0.0,0.0
2014-12-14 20:00:00,3.476867336,1.0,5.4431438131
2013-12-26 16:00:00,12.31884058,1.0,8.6176142705
2014-02-27 02:00:00,0.0,0.0,0.0
2014-08-29 16:00:00,0.0,0.0,0.0
2014-03-11 20:00:00,1.309921962,1.0,1.4869007808
2015-10-10 06:00:00,0.0,0.0,0.0
2014-03-09 08:00:00,0.02787068,0.0,0.0
2015-02-23 10:00:00,0.0,0.0,0.0
2014-07-13 04:00:00,0.0,0.0,0.0
2015-02-03 12:00:00,0.0,0.0,0.0
2014-04-11 20:00:00,0.0,0.0,0.0
2015-10-30 06:00:00,0.0,0.0,0.0
2014-08-09 22:00:00,0.0,0.0,0.0
2014-09-16 10:00:00,0.0,0.0,0.0
2015-08-04 04:00:00,0.0,0.0,0.0
2014-03-08 16:00:00,0.0,1.0,0.1518952063
2014-04-24 06:00:00,0.0,0.0,0.0
2014-06-25 04:00:00,11.07162765,1.0,11.1266722413
2015-11-08 22:00:00,0.0,0.0,0.0
2014-09-19 12:00:00,0.0,0.0,0.0
2015-08-31 14:00:00,0.0,0.0,0.0
2014-01-09 12:00:00,0.0,0.0,0.0
2014-07-11 08:00:00,0.0,0.0,0.0
2015-03-27 20:00:00,0.0,0.0,0.0
2014-02-26 20:00:00,0.0,0.0,0.0
2015-11-19 20:00:00,0.0,0.0,0.0
2014-12-05 10:00:00,0.0,0.0,0.2487458192
2014-01-09 22:00:00,0.0,0.0,0.0
2013-11-29 08:00:00,0.0,0.0,0.0
2014-04-17 14:00:00,0.0,0.0,0.0
2014-02-03 12:00:00,0.0,0.0,0.073160535
2014-05-10 00:00:00,0.0,0.0,0.0
2014-04-07 06:00:00,0.0,0.0,0.0
2014-04-12 08:00:00,0.0,0.0,0.0
2014-09-13 16:00:00,0.0,0.0,0.0
2014-09-29 14:00:00,0.0,0.0,0.0
2014-04-25 10:00:00,0.0,0.0,0.0
2015-09-13 12:00:00,0.0,0.0,0.0
2014-08-03 00:00:00,26.6722408,1.0,27.202480491
2015-01-08 00:00:00,0.0,0.0,0.0
2015-09-05 04:00:00,0.0,0.0,0.0
2015-01-14 20:00:00,0.0,0.0,0.0
2014-12-21 04:00:00,0.0,0.0,0.0
2014-12-13 08:00:00,0.0,0.0,0.0
2014-07-16 10:00:00,0.0,0.0,0.0
2015-08-05 02:00:00,0.0,0.0,0.0
2014-09-11 04:00:00,0.0,0.0,0.0
2014-05-27 06:00:00,25.25083612,1.0,18.652452619
2014-01-22 10:00:00,2.006688963,1.0,5.1511984393
2015-03-08 02:00:00,0.0,0.0,0.0
2015-12-01 14:00:00,0.0,0.0,0.0
2014-08-23 04:00:00,0.0,0.0,0.0
2015-02-24 04:00:00,0.0,0.0,0.0
2015-10-02 10:00:00,0.0,0.0,0.0
2014-07-31 22:00:00,0.0,0.0,0.0
2015-03-24 00:00:00,8.612040134,1.0,9.609810479
2014-06-21 08:00:00,0.0,0.0,0.0
2014-09-30 16:00:00,0.0,0.0,0.0
2014-03-28 06:00:00,0.0,1.0,1.6910535118
2014-07-06 06:00:00,0.0,0.0,0.0
2014-03-17 04:00:00,0.0,0.0,0.0
2014-07-07 10:00:00,0.0,1.0,2.7320234114
2014-02-17 00:00:00,1.853400223,1.0,4.0057134895
2015-03-16 08:00:00,0.0,0.0,0.0
2013-11-29 10:00:00,0.0,0.0,0.0
2014-06-18 16:00:00,0.00696767,0.0,0.0
2014-05-07 10:00:00,0.0,0.0,0.0
2015-03-14 06:00:00,9.476031215,1.0,4.2635172798
2014-04-12 12:00:00,0.0,0.0,0.0
2013-12-26 10:00:00,7.476309922,1.0,7.7515328888
2015-03-27 14:00:00,0.0,0.0,0.0
2014-09-13 02:00:00,0.0,0.0,0.0
2015-11-27 06:00:00,0.0,0.0,0.0
2015-02-06 08:00:00,0.0,0.0,0.0480769231
2014-08-15 22:00:00,0.0,0.0,0.0
2014-04-04 10:00:00,0.0,0.0,0.0
2013-12-09 08:00:00,0.0,0.0,0.0
2014-09-11 10:00:00,0.0,0.0,0.045986622
2015-11-07 12:00:00,0.0,0.0,0.0
2014-06-22 18:00:00,0.0,0.0,0.0
2014-04-29 08:00:00,0.0,0.0,0.0
2014-08-22 02:00:00,0.0,0.0,0.0
2015-10-15 20:00:00,0.0,0.0,0.0
2015-10-22 00:00:00,0.0,0.0,0.3525641026
2015-03-29 22:00:00,0.0,0.0,0.0
2015-02-15 14:00:00,0.0,0.0,0.0
2014-06-06 20:00:00,0.0,0.0,0.0
2014-05-15 22:00:00,0.0,0.0,0.0
2015-02-22 08:00:00,13.41276477,1.0,15.15328874
2014-03-01 08:00:00,0.0,0.0,0.0
2014-08-07 04:00:00,0.0,0.0,0.0
2014-04-26 08:00:00,0.0,0.0,0.0
2014-01-11 12:00:00,0.0,0.0,0.0
2014-03-29 12:00:00,0.2090301,1.0,2.7013656632
2013-12-08 18:00:00,0.0,0.0,0.0
2015-03-09 08:00:00,0.0,0.0,0.0
2014-01-28 12:00:00,6.39632107,1.0,3.9792363433
2014-09-16 18:00:00,0.0,0.0,0.0
2014-03-03 06:00:00,19.18199554,1.0,21.4945652169
2014-05-08 14:00:00,0.0,0.0,0.0
2014-06-17 16:00:00,5.929487179,1.0,9.2823299888
2015-10-17 00:00:00,0.0,0.0,0.0613154961
2013-12-28 00:00:00,0.0,0.0,0.0
2015-01-02 04:00:00,0.0,0.0,0.158864301081
2015-12-21 02:00:00,0.0,0.0,0.0
2014-01-30 14:00:00,0.0,1.0,0.9685061315
2014-03-03 02:00:00,24.35897436,1.0,20.2403846149
2015-10-23 10:00:00,1.741917503,1.0,1.9181995541
2014-07-21 04:00:00,0.0,0.0,0.0
2015-08-11 10:00:00,0.0,0.0,0.0
2014-04-07 14:00:00,0.0,0.0,0.0
2013-12-21 18:00:00,0.0,0.0,1.5551839466
2014-01-10 18:00:00,0.0,1.0,3.4103260869
2013-12-07 00:00:00,0.0,1.0,0.2327201783
2014-03-13 02:00:00,5.274526198,1.0,4.8501950947
2015-03-25 22:00:00,3.602285396,1.0,4.6767001116
2014-09-05 02:00:00,0.0,0.0,0.0
2015-09-26 10:00:00,0.0,0.0,0.0
2014-07-07 22:00:00,0.0,1.0,2.373188406
2015-10-13 22:00:00,3.504738016,1.0,3.8475473801
2015-11-19 18:00:00,0.0,0.0,0.0
2014-10-31 04:00:00,0.0,0.0,0.0
2014-12-02 00:00:00,8.089464883,1.0,5.4556856187
2015-08-23 00:00:00,0.0,0.0,0.0
2015-01-10 00:00:00,0.00696767,1.0,0.023690078
2014-10-14 10:00:00,0.04877369,1.0,1.963969938
2014-06-11 14:00:00,0.0,0.0,0.0
2015-02-18 16:00:00,0.00696767,0.0,0.3344481605
2015-11-09 18:00:00,0.0,0.0,0.0
2015-09-08 10:00:00,0.0,0.0,0.0529542921
2013-12-22 22:00:00,0.0,0.0,0.0
2015-02-11 02:00:00,0.0,0.0,0.0
2014-02-02 02:00:00,17.9138796,1.0,9.7108416953
2014-05-09 02:00:00,0.0,0.0,0.0
2014-03-16 18:00:00,0.0,0.0,0.0
2014-02-22 22:00:00,0.0,0.0,0.0
2015-08-25 06:00:00,0.0,0.0,0.0
2015-09-27 10:00:00,0.02787068,0.0,0.0766443701
2014-12-26 16:00:00,0.0,0.0,0.0
2015-11-20 12:00:00,0.0,0.0,0.0
2014-02-21 00:00:00,0.0,0.0,0.0
2013-12-11 08:00:00,0.0,0.0,0.0
2015-03-09 16:00:00,0.0,0.0,0.0
2014-09-04 18:00:00,0.0,0.0,0.0
2015-03-03 16:00:00,0.0,0.0,0.0
2014-08-04 12:00:00,0.0,0.0,0.0
2015-03-29 02:00:00,0.0,0.0,0.0
2014-04-18 02:00:00,8.765328874,1.0,9.8251114838
2013-12-21 10:00:00,0.0,0.0,0.0
2015-08-14 04:00:00,0.0,0.0,0.0
2014-02-04 02:00:00,12.54180602,1.0,5.2278428093
2015-08-14 08:00:00,0.0,0.0,0.0
2015-01-29 14:00:00,0.00696767,0.0,0.0480780786008
2014-04-02 22:00:00,6.939799331,1.0,8.8510312159
2014-12-26 08:00:00,0.0,0.0,0.0
2015-12-15 08:00:00,0.0,0.0,0.0
2015-03-30 06:00:00,0.0,0.0,0.0
2014-10-23 08:00:00,0.0,0.0,0.0
2015-11-06 20:00:00,0.0,0.0,0.0
2014-01-10 12:00:00,0.02090301,0.0,0.0
2015-12-22 14:00:00,0.0,0.0,0.0
2014-12-26 14:00:00,0.0,0.0,0.0
2015-09-28 20:00:00,0.0,0.0,0.0
2014-08-06 02:00:00,0.0,0.0,0.0
2014-03-09 10:00:00,0.0,0.0,0.056438127
2014-08-22 16:00:00,0.0,0.0,0.0
2013-12-04 12:00:00,0.0,0.0,0.0
2013-12-03 04:00:00,0.0,0.0,0.0
2015-09-29 20:00:00,0.0,0.0,0.0
2015-09-14 12:00:00,0.0,0.0,0.0
2014-04-17 16:00:00,0.550445931,0.0,0.1769788183
2015-09-06 12:00:00,0.0,0.0,0.0
2014-09-09 02:00:00,0.0,0.0,0.0
2014-03-21 02:00:00,1.421404682,1.0,1.7161371239
2014-01-21 18:00:00,0.557413601,1.0,1.3768115942
2015-02-22 22:00:00,0.0,0.0,0.0
2015-11-05 18:00:00,0.0,0.0,0.0
2014-07-26 10:00:00,0.0,0.0,0.027173913
2014-01-10 06:00:00,0.0,0.0,0.0
2014-08-03 02:00:00,2.773132664,1.0,14.9324136001
2014-06-30 20:00:00,0.0,0.0,0.0
2014-04-02 12:00:00,0.15328874,1.0,11.6241638796
2015-09-25 14:00:00,0.0,0.0,0.0
2014-09-13 00:00:00,0.0,0.0,0.0
2015-03-29 20:00:00,0.0,0.0,0.0
2015-10-02 04:00:00,0.0,0.0,0.0
2014-03-18 18:00:00,0.0,0.0,0.0
2015-09-08 06:00:00,0.0,0.0,0.0
2014-04-07 04:00:00,0.0,0.0,0.0
2014-07-09 12:00:00,0.0,0.0,0.0
2015-10-17 04:00:00,0.0,0.0,0.0
2014-09-04 22:00:00,0.0,0.0,0.0
2015-01-15 02:00:00,0.0,0.0,0.0
2015-01-17 00:00:00,8.166109253,1.0,3.8656633222
2014-08-27 06:00:00,0.0,0.0,0.0
2015-08-31 04:00:00,0.0,0.0,0.0
2014-09-10 14:00:00,0.0,0.0,0.0
2014-05-09 10:00:00,0.0,0.0,0.0
2014-10-04 16:00:00,0.0,0.0,0.0
2015-08-14 18:00:00,0.0,0.0,0.0
2014-07-12 18:00:00,0.0,0.0,0.0
2015-09-08 08:00:00,0.0,0.0,0.0
2014-11-01 08:00:00,0.0,0.0,0.0
2014-08-17 16:00:00,0.0,0.0,0.0
2015-10-21 10:00:00,0.0,0.0,0.0
2014-12-19 00:00:00,0.0,0.0,0.0
2015-02-03 22:00:00,5.260590858,1.0,5.2111204014
2014-07-07 08:00:00,4.542920847,1.0,8.2803790411
2014-06-26 18:00:00,0.18115942,0.0,0.0
2015-11-06 06:00:00,0.0,0.0,0.0
2013-12-22 18:00:00,0.0,0.0,0.0
2014-06-06 02:00:00,0.0,0.0,0.0
2014-06-17 10:00:00,17.37040134,1.0,16.2144648844
2014-02-05 06:00:00,0.0,0.0,0.0
2014-03-17 06:00:00,0.0,0.0,0.0
2014-03-14 00:00:00,0.0,0.0,0.0
2014-04-06 12:00:00,0.0,0.0,0.0
2015-09-27 00:00:00,0.0,0.0,0.0
2014-10-09 14:00:00,0.0,0.0,0.0
2014-07-06 16:00:00,0.0,0.0,0.0
2014-07-11 10:00:00,0.0,0.0,0.0
2014-04-04 22:00:00,0.0,0.0,0.0
2015-09-26 14:00:00,0.0,0.0,0.0
2015-10-04 20:00:00,0.0,0.0,0.0
2014-07-21 22:00:00,0.0,0.0,0.0
2014-04-12 06:00:00,0.0,0.0,0.0
2015-03-31 16:00:00,0.0,0.0,0.0
2014-02-11 06:00:00,0.0,0.0,0.016722408
2014-09-14 10:00:00,0.0,0.0,0.0
2014-10-09 02:00:00,0.0,0.0,0.0
2014-01-22 16:00:00,7.225473802,1.0,2.0519788182
2014-09-26 02:00:00,0.0,0.0,0.0
2014-04-23 04:00:00,5.629877369,1.0,2.7229654403
2014-02-17 20:00:00,8.319397993,1.0,11.2688127093
2014-06-24 22:00:00,7.364827202,1.0,8.3333333334
2014-02-07 20:00:00,1.902173913,1.0,2.0018115944
2014-06-20 22:00:00,0.0,0.0,0.0
2014-12-21 02:00:00,0.0,0.0,0.0
2015-01-23 04:00:00,0.0,0.0,0.0
2014-06-28 12:00:00,0.0,0.0,0.0
2014-01-02 02:00:00,0.0,0.0,0.0
2013-12-02 10:00:00,0.0,0.0,0.0
2014-12-03 14:00:00,0.06270903,1.0,3.7318840584
2014-01-11 10:00:00,0.0,0.0,0.0
2014-08-03 14:00:00,0.0,0.0,0.0
2014-08-30 02:00:00,0.0,0.0,0.0
2015-11-10 14:00:00,0.0,0.0,0.0
2015-11-09 22:00:00,0.0,0.0,0.0
2015-03-04 18:00:00,0.0,0.0,0.0
2014-01-15 20:00:00,0.0,0.0,0.0
2015-09-06 22:00:00,0.0,0.0,0.0
2014-03-28 22:00:00,3.428093645,1.0,5.347686734
2014-10-26 18:00:00,0.0,0.0,0.0
2014-06-06 16:00:00,0.0,0.0,0.0
2015-11-06 16:00:00,0.0,0.0,0.0
2014-03-10 16:00:00,0.0,0.0,0.0
2014-02-18 18:00:00,0.431995541,1.0,1.7363433667
2014-03-08 20:00:00,0.0,0.0,0.0
2014-10-20 10:00:00,0.0,0.0,0.0
2014-10-19 12:00:00,0.0,0.0,0.0
2015-01-27 00:00:00,0.0,0.0,0.0
2015-02-04 12:00:00,0.01393534,1.0,3.079710145
2014-12-07 18:00:00,0.0,0.0,0.0
2015-08-17 20:00:00,8.646878484,1.0,9.0900222964
2014-04-21 08:00:00,2.612876254,1.0,7.66025641
2014-02-05 00:00:00,0.0,0.0,0.0
2014-03-23 12:00:00,0.0,0.0,0.0
2015-10-20 16:00:00,0.0,0.0,0.0
2015-01-29 22:00:00,5.337235229,1.0,5.9942865106
2014-08-21 16:00:00,0.0,0.0,0.0
2015-03-14 14:00:00,0.0,0.0,0.0
2014-07-19 06:00:00,0.0,0.0,0.0
2014-01-16 04:00:00,0.0,0.0,0.0
2014-02-19 12:00:00,0.0,1.0,2.465858417
2015-01-13 20:00:00,0.00696767,1.0,0.0
2014-06-09 18:00:00,0.0,0.0,0.0
2015-10-14 04:00:00,3.128483835,1.0,5.8876811592
2014-10-26 22:00:00,0.0,0.0,0.0
2014-02-09 16:00:00,0.22296544,1.0,0.4222408026
2014-01-27 14:00:00,0.0,0.0,0.0
2015-08-18 16:00:00,0.0,0.0,0.0
2015-11-09 04:00:00,0.0,0.0,0.0
2014-04-03 14:00:00,0.0,0.0,0.0
2014-05-14 02:00:00,0.0,0.0,0.0
2015-03-23 18:00:00,10.50724638,1.0,6.9607023411
2014-01-22 22:00:00,16.36705686,1.0,12.7710423639
2014-07-07 06:00:00,11.56633222,1.0,12.6971850621
2014-12-03 00:00:00,13.09921962,1.0,13.0149108127
2015-09-08 14:00:00,0.0,0.0,0.0
2013-12-24 14:00:00,0.0,0.0,0.0
2015-08-13 10:00:00,0.0,0.0,0.0
2015-12-03 20:00:00,0.0,0.0,0.0
2015-09-11 08:00:00,0.0,0.0,0.0
2015-10-29 22:00:00,0.0,0.0,0.0
2014-02-02 14:00:00,4.368729097,1.0,0.3421125975
2014-12-06 10:00:00,0.0,0.0,0.0
2015-03-08 04:00:00,0.0,0.0,0.0
2015-01-30 22:00:00,15.50306577,1.0,18.4970735793
2014-07-10 10:00:00,0.0,0.0,0.0
2013-12-09 06:00:00,0.0,0.0,0.0
2014-07-10 12:00:00,0.0,0.0,0.0
2015-12-08 10:00:00,0.0,0.0,0.0
2014-04-18 18:00:00,3.017001115,1.0,0.2940356744
2015-03-29 08:00:00,0.0,0.0,0.0
2014-04-08 00:00:00,0.0,0.0,0.0
2015-08-21 18:00:00,0.0,0.0,0.0
2015-12-09 06:00:00,0.0,0.0,0.0
2014-01-18 04:00:00,6.695930881,1.0,10.1553790416
2015-09-20 04:00:00,0.0,0.0,0.0
2014-08-10 12:00:00,0.0,0.0,0.0
2015-01-28 14:00:00,0.0,0.0,0.0
2015-02-25 10:00:00,0.0,0.0,0.0
2015-03-12 00:00:00,0.0,0.0,0.0
2014-05-02 10:00:00,0.0,0.0,0.0
2015-10-30 02:00:00,0.0,0.0,0.0
2015-08-17 00:00:00,5.037625418,1.0,4.5094760315
2014-10-18 12:00:00,0.0,0.0,0.0
2014-08-25 18:00:00,0.0,0.0,0.0
2015-01-26 04:00:00,0.0,0.0,0.0
2014-10-29 04:00:00,0.0,0.0,0.0
2013-12-13 14:00:00,0.0,0.0,0.0
2015-03-23 04:00:00,0.682831661,1.0,2.2052675587
2014-07-20 22:00:00,0.0,0.0,0.0
2014-01-01 18:00:00,0.0,0.0,0.0480769231
2015-03-28 10:00:00,0.0,0.0,0.0
2014-09-25 22:00:00,0.0,0.0,0.0411092531
2015-10-19 20:00:00,0.459866221,1.0,2.2205964326
2014-01-20 00:00:00,11.63600892,1.0,16.9850891863
2015-01-27 06:00:00,0.0,0.0,0.0
2015-12-08 18:00:00,0.0,0.0,0.0
2015-11-09 16:00:00,0.0,0.0,0.0
2015-01-04 00:00:00,0.0,0.0,0.0
2014-03-23 00:00:00,0.0,0.0,0.0
2014-08-21 14:00:00,0.0,0.0,0.0
2014-05-27 22:00:00,12.88322185,1.0,7.7612876251
2014-08-03 10:00:00,0.0,0.0,0.2417781494
2014-02-25 10:00:00,0.0,0.0,0.0
2015-01-28 00:00:00,0.0,0.0,0.0
2014-06-07 22:00:00,0.0,0.0,0.0
2014-04-04 02:00:00,6.772575251,1.0,14.494147158
2015-02-02 04:00:00,0.0,0.0,0.0
2014-06-28 04:00:00,0.0,0.0,0.0
2015-11-01 12:00:00,0.07664437,1.0,5.0968506134
2015-02-11 04:00:00,0.0,0.0,0.0
2014-09-12 10:00:00,0.0,0.0,0.0
2014-01-01 06:00:00,0.0,0.0,0.0
2014-04-03 20:00:00,1.916109253,1.0,3.3821070236
2014-09-09 20:00:00,0.0,0.0,0.0
2015-03-16 02:00:00,0.0,0.0,0.0
2015-10-10 14:00:00,0.0,0.0,0.0
2014-04-05 02:00:00,0.0,0.0,0.0
2014-04-28 18:00:00,0.0,0.0,0.0
2014-08-22 08:00:00,0.0,0.0,0.0
2014-04-10 14:00:00,0.0,0.0,0.0
2014-12-22 14:00:00,0.0,0.0,0.0
2014-12-23 12:00:00,0.0,0.0,0.0
2015-11-12 18:00:00,0.0,0.0,0.0
2015-03-23 02:00:00,0.954570792,1.0,1.852006689
2014-05-16 16:00:00,0.0,0.0,0.0
2014-10-24 00:00:00,0.0,0.0,0.0
2013-11-30 12:00:00,0.0,0.0,0.0
2015-10-24 10:00:00,0.0,0.0,0.0480769231
2015-08-25 22:00:00,0.0,1.0,2.6003344482
2014-02-04 16:00:00,0.0,0.0,0.031354515
2014-03-13 04:00:00,2.759197324,1.0,4.422380156
2014-06-17 20:00:00,14.4509476,1.0,11.5830546279
2015-12-10 18:00:00,0.0,0.0,0.0
2014-03-20 10:00:00,0.0,0.0,0.0627090301
2015-09-03 16:00:00,0.0,0.0,0.0
2015-02-05 08:00:00,0.0,1.0,1.9025222966
2015-02-17 00:00:00,0.00696767,1.0,0.2508361204
2014-05-07 16:00:00,0.0,0.0,0.0
2015-10-01 14:00:00,0.0,0.0,0.0
2013-12-09 04:00:00,0.0,0.0,0.0
2014-03-23 04:00:00,0.0,0.0,0.0
2015-09-11 12:00:00,0.0,0.0,0.0
2014-06-03 18:00:00,0.0,0.0,0.0
2015-08-31 10:00:00,0.0,0.0,0.0
2014-07-27 04:00:00,0.0,0.0,0.0
2015-09-05 12:00:00,0.0,0.0,0.0
2015-03-29 16:00:00,0.0,0.0,0.0
2014-02-24 06:00:00,4.117892977,1.0,2.7501393533
2015-09-28 10:00:00,0.0,0.0,0.0
2014-05-12 02:00:00,0.0,0.0,0.0
2014-06-21 10:00:00,0.0,0.0,0.0
2014-10-08 16:00:00,0.0,0.0,0.0
2015-02-26 04:00:00,0.0,0.0,0.0
2014-05-22 18:00:00,0.0,0.0,0.0
2014-02-18 06:00:00,5.831939799,1.0,5.3128483832
2015-01-12 20:00:00,0.0,0.0,0.0
2015-08-21 06:00:00,0.0,0.0,0.0
2015-11-23 18:00:00,0.536510591,1.0,3.7144648829
2014-07-08 00:00:00,0.0,0.0,0.0
2014-08-15 16:00:00,0.0,0.0,0.0
2015-01-05 12:00:00,0.0,0.0,0.0
2015-12-03 02:00:00,0.0,0.0,0.0
2015-02-18 20:00:00,0.452898551,1.0,2.9494147158
2014-08-18 16:00:00,0.0,0.0,0.0
2014-07-17 10:00:00,0.0,0.0,0.0
2015-10-23 14:00:00,0.03483835,1.0,1.1273690078
2015-08-16 06:00:00,0.0,0.0,0.0
2013-12-23 20:00:00,0.0,0.0,0.0
2014-04-18 10:00:00,0.0,0.0,0.0731605351
2014-12-25 00:00:00,0.0,0.0,0.0
2014-02-26 18:00:00,0.0,0.0,0.0
2015-03-04 10:00:00,0.0,0.0,0.0
2014-08-29 02:00:00,0.0,0.0,0.0
2014-03-28 02:00:00,0.11148272,1.0,2.2261705685
2014-12-18 18:00:00,0.0,0.0,0.0
2014-10-21 16:00:00,0.0,0.0,0.0
2015-02-22 12:00:00,2.173913043,1.0,1.4039855074
2014-01-11 06:00:00,0.0,0.0,0.0
2015-10-15 14:00:00,0.0,0.0,0.0
2013-12-19 18:00:00,6.1803233,1.0,5.5316332223
2014-03-20 14:00:00,0.01393534,0.0,0.0
2015-11-28 08:00:00,0.0,0.0,0.0
2014-02-18 08:00:00,3.797380156,1.0,5.7413600892
2015-12-10 16:00:00,0.0,0.0,0.0
2014-02-17 18:00:00,10.5490524,1.0,10.6089743591
2015-08-16 00:00:00,0.0,0.0,0.0
2014-12-20 22:00:00,0.0,0.0,0.0
2015-02-17 16:00:00,0.0,0.0,0.016722408
2014-06-30 02:00:00,0.0,0.0,0.0
2013-12-04 10:00:00,0.0,0.0,0.0
2013-12-10 16:00:00,0.0,0.0,0.0
2014-10-26 02:00:00,0.0,0.0,0.0
2015-02-16 14:00:00,0.00696767,0.0,0.2292363434
2014-03-15 20:00:00,0.0,0.0,0.0
2014-10-31 10:00:00,0.06270903,0.0,0.0
2014-02-01 16:00:00,9.873188406,1.0,4.5833333335
2013-12-28 14:00:00,0.0,0.0,0.0
2014-06-10 16:00:00,0.0,0.0,0.0
2015-12-17 18:00:00,0.0,0.0,0.0
2013-12-28 22:00:00,10.42363434,1.0,13.448996655
2014-08-28 12:00:00,0.0,0.0,0.0
2014-08-07 18:00:00,0.0,0.0,0.0
2015-10-19 04:00:00,3.421125975,1.0,2.9117892979
2014-09-14 18:00:00,0.0,0.0,0.0
2015-03-07 22:00:00,0.0,0.0,0.0
2014-08-22 14:00:00,0.0,0.0,0.0
2015-02-05 10:00:00,0.0,0.0,0.3065774805
2014-12-27 08:00:00,0.0,0.0,0.0
2015-10-19 12:00:00,0.0,0.0,0.020206243
2014-08-20 02:00:00,0.0,0.0,0.0
2013-12-23 06:00:00,0.0,0.0,0.0
2014-02-08 02:00:00,2.118171683,1.0,7.1021460423
2015-11-25 12:00:00,0.0,0.0,0.0
2013-12-19 12:00:00,0.0,0.0,2.3007246378
2014-08-24 16:00:00,0.0,0.0,0.0
2015-11-04 22:00:00,0.0,0.0,0.0
2013-12-26 04:00:00,11.23188406,1.0,27.208751395
2015-11-12 04:00:00,0.0,0.0,0.0
2014-02-01 08:00:00,8.326365663,1.0,12.896460425
2015-03-26 02:00:00,8.221850613,1.0,3.1106212628
2014-06-04 20:00:00,0.0,0.0,0.0
2014-01-31 02:00:00,0.0,1.0,1.4423076921
2015-10-29 08:00:00,0.0,0.0,0.0
2015-10-17 08:00:00,0.773411371,1.0,3.133361204
2014-04-02 20:00:00,6.695930881,1.0,5.0278706798
2015-12-03 04:00:00,0.0,0.0,0.0
2015-11-29 06:00:00,0.0,0.0,0.0
2014-06-29 00:00:00,0.0,0.0,0.0
2014-04-04 08:00:00,0.10451505,1.0,3.1361482721
2015-09-06 02:00:00,0.0,0.0,0.0
2014-09-12 08:00:00,0.0,0.0,0.242475797469
2015-03-26 06:00:00,5.253623188,1.0,3.648968785
2014-04-10 06:00:00,0.0,0.0,0.0
2015-02-04 04:00:00,10.23550725,1.0,6.859671126
2015-03-24 12:00:00,0.452898551,1.0,4.0510033445
2013-12-31 20:00:00,0.0,0.0,0.0
2014-07-29 04:00:00,0.0,0.0,0.0
2014-05-21 02:00:00,4.194537347,1.0,5.1679208473
2014-02-17 04:00:00,26.06605351,1.0,14.6760033446
2014-09-29 18:00:00,6.08974359,0.0,2.0819397993
2013-12-12 14:00:00,0.0,0.0,0.0
2014-04-12 10:00:00,0.0,0.0,0.0
2014-01-16 00:00:00,0.0,0.0,0.0
2015-08-17 10:00:00,0.0,0.0,0.0
2014-04-22 16:00:00,0.0,0.0,0.0
2014-04-02 08:00:00,11.51755853,1.0,13.348662207
2014-12-15 06:00:00,8.688684504,1.0,9.8920011155
2013-12-13 06:00:00,0.0,0.0,0.0
2015-09-29 12:00:00,0.0,0.0,0.0
2014-03-08 04:00:00,0.0,0.0,0.0
2015-08-13 04:00:00,0.00696767,1.0,0.3428093644
2014-07-21 10:00:00,0.0,0.0,0.0
2015-03-24 10:00:00,2.153010033,1.0,3.9200111484
2015-10-04 12:00:00,0.0,0.0,0.0
2014-10-03 18:00:00,0.0,0.0,0.0
2015-08-13 08:00:00,0.0,0.0,0.0
2015-09-21 04:00:00,0.0,0.0,0.0
2015-03-24 18:00:00,8.319397993,1.0,5.2055462659
2015-02-11 18:00:00,0.0,0.0,0.0
2015-11-08 00:00:00,0.0,0.0,0.0
2015-08-19 00:00:00,0.0,0.0,0.0
2013-12-13 08:00:00,0.0,0.0,0.0
2015-10-24 00:00:00,0.0,1.0,3.1054905239
2015-01-09 00:00:00,0.0,0.0,0.0
2014-02-16 08:00:00,9.650222965,1.0,10.3142419171
2015-11-05 10:00:00,0.0,0.0,0.0
2015-12-15 16:00:00,0.0,0.0,0.0
2014-06-04 10:00:00,0.0,0.0,0.0404130595708
2013-12-31 18:00:00,0.0,0.0,0.0
2014-07-14 06:00:00,0.0,0.0,0.0
2014-05-11 18:00:00,0.0,0.0,0.0
2015-09-02 16:00:00,0.0,0.0,0.0
2014-02-08 16:00:00,0.03483835,0.0,0.085702341
2015-08-22 06:00:00,0.0,0.0,0.0
2014-06-27 20:00:00,0.0,0.0,0.0
2014-10-16 06:00:00,0.0,0.0,0.0
2014-01-28 04:00:00,0.0,0.0,0.0
2015-02-02 14:00:00,0.0,0.0,0.0
2014-05-17 04:00:00,0.0,0.0,0.0
2013-12-20 12:00:00,0.0,1.0,1.5677257526
2015-03-03 22:00:00,0.0,0.0,0.0
2014-03-30 14:00:00,0.0,0.0,0.0
2014-03-30 16:00:00,0.0,0.0,0.0
2015-09-29 02:00:00,0.0,0.0,0.0
2015-09-11 00:00:00,0.0,0.0,0.0
2014-03-13 08:00:00,1.128762542,1.0,3.4587513936
2014-09-27 20:00:00,0.0,0.0,0.0
2015-02-15 20:00:00,8.688684504,1.0,9.6174749171
2014-06-17 22:00:00,11.9425864,1.0,12.5620122649
2015-09-19 14:00:00,0.0,0.0,0.0
2015-10-24 20:00:00,0.0,0.0,0.1470178372
2015-10-04 08:00:00,0.0,0.0,0.0
2014-02-02 06:00:00,11.19007804,1.0,13.2044314383
2015-01-14 10:00:00,0.0,0.0,0.0
2015-12-21 16:00:00,0.0,0.0,0.0
2015-10-30 22:00:00,0.425027871,0.0,0.0794314381
2014-12-20 04:00:00,0.0,0.0,0.0
2014-04-05 14:00:00,0.0,0.0,0.0
2015-09-20 14:00:00,0.0,0.0,0.0
2013-12-03 20:00:00,0.0,0.0,0.0
2014-01-12 10:00:00,0.0,0.0,0.0
2014-02-24 10:00:00,0.00696767,0.0,0.2780100334
2014-06-18 08:00:00,15.67028986,1.0,11.6506410259
2014-09-17 02:00:00,0.0,0.0,0.2410813824
2014-01-01 16:00:00,0.0,0.0,0.0
2014-12-19 16:00:00,0.0,0.0,0.0
2014-03-01 00:00:00,0.0,0.0,0.0
2014-09-10 00:00:00,0.0,0.0,0.0
2014-04-07 12:00:00,0.0,0.0,0.0
2015-09-08 02:00:00,0.0,0.0,0.0
2014-06-21 14:00:00,0.0,0.0,0.0
2015-08-24 04:00:00,0.0,0.0,0.0
2015-11-23 06:00:00,0.0,0.0,0.0
2013-12-30 16:00:00,0.0,0.0,0.0
2014-08-10 02:00:00,0.0,0.0,0.0
2014-04-29 10:00:00,0.0,0.0,0.0
2014-05-07 12:00:00,0.0,0.0,0.0
2015-02-18 04:00:00,4.814659978,1.0,4.0405518395
2015-03-26 18:00:00,0.0,0.0,0.2417781494
2015-02-13 16:00:00,0.00696767,1.0,1.3970178373
2015-01-25 18:00:00,0.0,0.0,0.0
2014-06-19 22:00:00,7.239409142,1.0,6.7335562989
2014-07-07 02:00:00,11.64994426,1.0,11.8847547379
2013-12-06 02:00:00,0.0,0.0,0.0
2014-04-23 18:00:00,0.0,0.0,0.0
2014-08-24 02:00:00,0.0,0.0,0.0
2014-04-22 14:00:00,0.0,0.0,0.011148272
2014-03-31 16:00:00,0.0,0.0,0.0
2015-11-20 16:00:00,0.0,0.0,0.0
2014-08-10 18:00:00,0.0,0.0,0.0
2014-06-07 12:00:00,0.0,0.0,0.0
2014-10-25 10:00:00,0.0,0.0,0.0
2014-07-27 08:00:00,0.0,0.0,0.0
2013-12-27 08:00:00,0.0,0.0,0.0
2014-08-24 14:00:00,0.0,0.0,0.0
2014-09-14 04:00:00,0.0,0.0,0.0
2014-08-08 22:00:00,0.0,0.0,0.0
2014-04-03 12:00:00,0.0,0.0,0.0
2015-09-05 16:00:00,0.0,0.0,0.0
2013-12-05 02:00:00,0.0,0.0,0.0
2015-01-17 04:00:00,0.0,1.0,0.4919175029
2014-01-12 08:00:00,0.0,0.0,0.0
2014-01-07 10:00:00,0.0,0.0,0.0
2015-03-23 06:00:00,0.961538462,1.0,1.7015050168
2015-08-11 14:00:00,0.0,0.0,0.0
2014-09-05 10:00:00,0.0,0.0,0.0
2014-05-15 08:00:00,0.0,0.0,0.040414205862
2014-05-14 20:00:00,0.0,0.0,0.0
2014-07-27 10:00:00,0.0,0.0,0.0
2015-12-10 20:00:00,0.0,0.0,0.0
2015-02-03 20:00:00,5.894648829,1.0,12.3348662216
2014-04-06 02:00:00,0.0,0.0,0.0
2014-06-20 10:00:00,0.0,0.0,0.0
2014-10-02 08:00:00,0.0,0.0,0.0
2014-01-27 16:00:00,0.0,0.0,0.0
2014-08-27 18:00:00,0.0,0.0,0.0
2014-07-10 00:00:00,0.0,0.0,0.0
2015-11-30 10:00:00,0.0,0.0,0.0
2014-10-30 04:00:00,0.0,0.0,0.0
2014-08-08 10:00:00,0.0,0.0,0.0
2015-01-25 10:00:00,0.0,0.0,0.0
2014-05-09 22:00:00,0.0,0.0,0.0
2015-03-15 10:00:00,0.0,0.0,0.0
2014-07-15 10:00:00,0.0,0.0,0.0
2015-08-23 04:00:00,0.0,0.0,0.0
2014-07-30 06:00:00,0.0,0.0,0.0
2013-12-03 16:00:00,0.0,0.0,0.178373777181
2014-09-11 00:00:00,0.0,0.0,0.0
2014-09-16 22:00:00,0.0,0.0,0.0
2015-10-12 06:00:00,5.051560758,1.0,8.3612040133
2014-03-31 10:00:00,0.0,0.0,0.0
2014-10-17 18:00:00,0.0,0.0,0.0
2013-12-23 22:00:00,0.0,0.0,0.0
2014-10-05 10:00:00,0.0,0.0,0.0
2014-10-04 06:00:00,0.0,0.0,0.0278715608685
2015-09-01 08:00:00,0.0,0.0,0.0
2014-04-12 02:00:00,0.0,0.0,0.0
2014-08-03 20:00:00,0.0,0.0,0.0557413601
2015-08-18 18:00:00,0.0,0.0,0.0
2015-08-23 08:00:00,0.0,0.0,0.242475797469
2015-02-17 08:00:00,0.0,0.0,0.0
2015-11-03 14:00:00,0.0,0.0,0.0
2015-10-30 10:00:00,0.0,0.0,0.0
2014-05-12 20:00:00,0.0,0.0,0.0
2014-10-29 20:00:00,0.0,0.0,0.0
2014-03-19 18:00:00,0.00696767,0.0,0.012541806
2014-12-15 12:00:00,0.0696767,1.0,3.7566192865
2014-07-09 22:00:00,0.0,0.0,0.0
2014-06-10 20:00:00,9.733835006,1.0,6.1036789297
2015-01-09 04:00:00,0.0,0.0,0.0
2014-10-31 22:00:00,0.0,0.0,0.0
2014-04-10 08:00:00,0.0,0.0,0.0
2014-10-25 20:00:00,0.0,0.0,0.0
2014-05-17 18:00:00,0.0,0.0,0.0
2014-05-14 16:00:00,0.0,0.0,0.0139362208685
2013-12-22 08:00:00,0.0,0.0,0.0
2014-02-07 16:00:00,0.480769231,1.0,0.03483835
2015-09-09 14:00:00,0.0,0.0,0.0
2014-08-21 04:00:00,0.0,0.0,0.0
2014-03-08 22:00:00,0.0,0.0,0.0
2015-09-23 04:00:00,0.0,0.0,0.0
2015-12-02 10:00:00,0.0,0.0,0.0
2015-08-13 00:00:00,0.348383501,1.0,0.0515607581
2014-04-03 00:00:00,8.033723523,1.0,13.3458751394
2014-04-25 18:00:00,0.0,0.0,0.0
2015-02-24 00:00:00,0.0,0.0,0.0
2014-08-17 04:00:00,0.0,0.0,0.0
2014-02-06 02:00:00,0.0,0.0,0.0
2014-05-13 10:00:00,0.0,0.0,0.0
2015-03-31 10:00:00,0.0,0.0,0.0
2015-09-23 00:00:00,0.0,0.0,0.0327492922169
2015-08-19 10:00:00,0.0,0.0,0.0
2015-10-09 02:00:00,0.0,1.0,0.053651059
2014-12-13 14:00:00,0.0,0.0,0.0
2014-09-10 06:00:00,0.0,0.0,0.0
2013-12-13 20:00:00,0.0,0.0,0.0
2014-08-06 16:00:00,0.0,0.0,0.0
2014-04-06 00:00:00,0.0,0.0,0.0
2013-12-07 16:00:00,0.0,0.0,0.0
2013-12-30 12:00:00,0.0,0.0,0.0
2015-08-11 08:00:00,0.0,0.0,0.0
2013-11-28 22:00:00,0.0,0.0,0.0
2014-01-20 08:00:00,6.626254181,1.0,2.8098450775
2015-01-30 18:00:00,9.831382386,1.0,3.3800167225
2014-07-08 04:00:00,0.0,0.0,0.0
2015-03-11 08:00:00,0.0,0.0,0.0
2015-12-03 16:00:00,0.0,0.0,0.0
2015-02-25 16:00:00,0.0,0.0,0.0
2014-10-15 10:00:00,0.09754738,0.0,0.0
2014-10-05 14:00:00,1.379598662,0.0,0.0
2014-08-07 22:00:00,0.0,0.0,0.0
2013-12-23 02:00:00,0.0,0.0,0.0
2014-06-03 04:00:00,0.0,0.0,0.0
2014-04-28 12:00:00,0.0,0.0,0.0
2014-07-31 04:00:00,0.0,0.0,0.0
2014-10-31 02:00:00,0.0,0.0,0.0
2014-06-17 02:00:00,19.26560758,1.0,12.6950947603
2014-09-18 18:00:00,0.0,0.0,0.0
2015-08-11 22:00:00,0.0,0.0,0.0
2014-09-04 04:00:00,0.0,0.0,0.0
2015-12-19 12:00:00,0.0,0.0,0.0
2014-08-29 18:00:00,0.0,0.0,0.0
2014-04-04 00:00:00,13.07134894,1.0,11.3524247491
2014-06-30 18:00:00,0.0,0.0,0.0
2015-02-24 18:00:00,0.0,0.0,0.0
2013-12-22 14:00:00,0.0,0.0,0.0
2014-07-18 14:00:00,0.0,0.0,0.0
2014-04-10 02:00:00,0.0,0.0,0.0
2014-06-01 16:00:00,0.0,0.0,0.0
2015-02-21 22:00:00,17.73968785,1.0,16.2959866228
2014-12-25 18:00:00,0.0,0.0,0.0
2015-12-10 00:00:00,0.0,0.0,0.0
2013-12-05 20:00:00,0.0,0.0,0.0
2014-02-03 20:00:00,1.059085842,1.0,4.2704849503
2014-10-01 18:00:00,0.0,0.0,0.0
2014-02-03 02:00:00,6.50083612,1.0,7.6916109257
2015-10-01 22:00:00,0.0,0.0,0.0
2014-02-09 12:00:00,0.0,0.0,0.0
2014-04-02 00:00:00,0.18115942,1.0,0.031354515
2015-03-13 04:00:00,0.0,0.0,0.0
2015-08-15 18:00:00,0.0,0.0,0.0
2015-12-13 10:00:00,0.0,0.0,0.0
2015-08-15 22:00:00,0.0,0.0,0.0
2015-10-14 02:00:00,4.027313266,1.0,2.4149944259
2014-09-17 08:00:00,0.0,0.0,0.3135451505
2014-02-09 00:00:00,0.0,1.0,0.1233277591
2014-12-17 14:00:00,0.0,0.0,0.0
2015-10-13 16:00:00,0.0,0.0,0.0
2015-02-11 20:00:00,0.0,0.0,0.0
2014-01-09 06:00:00,0.0,0.0,0.0
2015-08-12 20:00:00,0.03483835,1.0,2.398968785
2015-08-16 22:00:00,3.664994426,1.0,2.574554069
2015-02-16 06:00:00,0.0,1.0,4.2906911934
2014-05-09 14:00:00,0.0,0.0,0.0
2014-09-28 18:00:00,0.696767001,0.0,0.2640746934
2013-12-30 04:00:00,0.0,0.0,0.0
2014-01-13 12:00:00,0.0,0.0,0.0
2014-02-21 20:00:00,0.0,0.0,0.0
2014-10-02 04:00:00,0.0,0.0,0.0
2015-02-23 16:00:00,0.0,0.0,0.0
2013-12-02 00:00:00,1.066053512,1.0,2.2491638795
2013-12-03 10:00:00,0.0,0.0,0.018115942
2015-12-22 18:00:00,0.0,0.0,0.0
2014-01-07 22:00:00,0.0,0.0,0.0
2015-08-15 12:00:00,0.0,0.0,0.0
2014-01-29 00:00:00,13.65663322,1.0,5.5608974361
2015-02-04 16:00:00,0.00696767,1.0,1.9962374585
2014-10-05 12:00:00,0.0,0.0,0.0
2014-03-03 10:00:00,0.0,0.0,0.2766164994
2015-08-31 20:00:00,0.0,0.0,0.0
2014-08-01 06:00:00,0.0,0.0,0.0
2015-09-05 08:00:00,0.0,0.0,0.0
2015-08-05 04:00:00,0.0,0.0,0.0
2014-06-09 08:00:00,0.0,0.0,0.0
2015-12-18 20:00:00,0.0,0.0,0.0
2015-08-25 00:00:00,0.0,0.0,0.0
2015-10-29 18:00:00,0.0,0.0,0.0
2014-02-23 18:00:00,0.0,0.0,0.0
2014-12-20 02:00:00,0.0,0.0,0.0
2014-04-24 16:00:00,0.0,0.0,0.0
2014-06-09 12:00:00,0.0,0.0,0.0
2014-03-22 02:00:00,0.0,0.0,0.0
2014-12-03 08:00:00,19.0287068,1.0,14.6383779257
2014-06-05 16:00:00,0.0,0.0,0.0
2015-02-01 18:00:00,1.769788183,1.0,4.3297101449
2015-02-25 00:00:00,0.0,0.0,0.0
2015-10-12 16:00:00,2.424749164,1.0,0.5518394649
2015-10-11 00:00:00,14.1722408,1.0,10.0773411378
2015-12-14 10:00:00,0.0,0.0,0.0
2015-10-11 04:00:00,3.065774805,1.0,6.3127090301
2014-05-12 06:00:00,0.0,0.0,0.0
2015-08-12 06:00:00,0.0,0.0,0.0
2014-02-04 12:00:00,0.0,0.0,0.4626532887
2014-02-07 18:00:00,0.20206243,0.0,1.3391861761
2015-12-10 08:00:00,0.0,0.0,0.0
2014-12-16 20:00:00,0.14632107,1.0,2.5675863991
2014-01-19 14:00:00,12.39548495,1.0,16.0758082483
2014-10-29 06:00:00,0.0,0.0,0.0
2015-10-23 18:00:00,0.02090301,1.0,1.3350055742
2014-05-08 08:00:00,0.0,0.0,0.0
2015-02-18 22:00:00,0.362318841,1.0,2.403846154
2015-03-26 12:00:00,0.0,0.0,0.0
2014-09-30 06:00:00,0.0,0.0,0.0
2015-11-10 22:00:00,0.0,0.0,0.0
2014-12-17 12:00:00,0.0,0.0,0.0
2014-03-15 12:00:00,0.0,0.0,0.0
2014-01-20 04:00:00,8.375139353,1.0,9.768673356
2015-10-11 22:00:00,2.668617614,1.0,1.876393534
2015-12-17 02:00:00,0.0,0.0,0.0
2015-03-13 18:00:00,0.0,0.0,0.0
2014-05-18 14:00:00,0.0,0.0,0.0
2015-11-08 12:00:00,0.0,0.0,0.0
2015-01-28 16:00:00,0.0,0.0,0.0
2014-06-10 10:00:00,0.05574136,0.0,0.0654960981
2015-01-23 12:00:00,0.0,0.0,0.0
2015-01-13 14:00:00,0.0,0.0,0.0
2015-01-29 04:00:00,2.166945373,1.0,4.3283166107
2013-12-05 10:00:00,0.0,0.0,0.0
2014-04-25 16:00:00,0.0,0.0,0.0
2014-10-05 20:00:00,1.052118172,1.0,2.7821906354
2014-08-07 02:00:00,0.0,0.0,0.0
2014-07-10 22:00:00,0.0,0.0,0.0
2015-11-05 04:00:00,0.0,0.0,0.0
2015-10-16 22:00:00,0.0,0.0,0.1902173913
2014-07-15 14:00:00,0.0,0.0,0.0
2014-04-19 04:00:00,0.10451505,1.0,22.479793758
2015-01-25 08:00:00,0.0,0.0,0.0
2014-06-20 02:00:00,7.720178372,1.0,9.5185340025
2014-09-17 22:00:00,0.04877369,1.0,1.870819398
2014-08-09 18:00:00,0.0,0.0,0.0
2014-06-23 06:00:00,0.0,0.0,0.0
2014-04-20 22:00:00,2.494425864,1.0,2.3069955409
2015-01-05 20:00:00,0.0,0.0,0.0
2014-12-08 12:00:00,0.0,0.0,0.0
2015-01-24 08:00:00,0.0,0.0,0.0
2014-04-29 16:00:00,0.0,0.0,0.0
2014-10-27 14:00:00,0.0,0.0,0.0
2014-05-16 20:00:00,0.0,0.0,0.0
2015-11-09 14:00:00,0.0,0.0,0.0
2013-11-30 04:00:00,0.0,0.0,0.0
2014-07-11 00:00:00,0.0,0.0,0.0
2014-10-03 06:00:00,0.0,0.0,0.0
2015-02-17 12:00:00,0.00696767,0.0,0.0
2014-10-08 02:00:00,0.0,0.0,0.0
2014-01-31 04:00:00,0.682831661,1.0,2.1495261985
2015-02-17 02:00:00,0.0,1.0,0.0836120401
2014-07-18 10:00:00,0.0,0.0,0.0
2015-02-24 20:00:00,0.0,0.0,0.0
2015-01-23 10:00:00,0.0,0.0,0.0
2014-02-10 16:00:00,0.0,1.0,0.9141583055
2014-04-19 02:00:00,16.44370123,1.0,10.4898272018
2014-01-16 10:00:00,0.0,0.0,0.0
2014-09-24 08:00:00,0.0,0.0,0.0
2014-02-09 02:00:00,0.0,0.0,0.0
2015-12-03 10:00:00,0.0,0.0,0.0
2015-11-05 06:00:00,0.0,0.0,0.0
2015-01-07 00:00:00,0.0,0.0,0.0
2015-01-12 08:00:00,0.0,0.0,0.0
2014-04-24 22:00:00,0.0,0.0,0.0
2014-04-26 04:00:00,0.0,0.0,0.0
2014-05-21 06:00:00,0.0,0.0,0.0613154961
2014-10-07 18:00:00,0.0,0.0,0.0
2015-12-21 12:00:00,0.0,0.0,0.0
2015-01-25 20:00:00,0.0,0.0,0.0
2015-08-30 02:00:00,0.0,0.0,0.0
2014-05-19 00:00:00,0.445930881,0.0,0.1142697881
2015-11-01 16:00:00,0.00696767,1.0,1.4879459309
2014-07-15 04:00:00,0.0,0.0,0.0
2015-01-09 20:00:00,0.0,0.0,0.0
2014-12-24 16:00:00,0.0,0.0,0.0
2015-03-03 14:00:00,0.0,0.0,0.0
2013-12-25 18:00:00,1.651337793,0.0,2.3251114826
2015-02-03 06:00:00,0.0,0.0,0.0
2014-01-18 14:00:00,9.078874025,1.0,8.9673913047
2015-09-02 02:00:00,0.0,0.0,0.0
2014-08-22 04:00:00,0.0,0.0,0.0
2014-09-30 12:00:00,0.0,0.0,0.016025641
2014-02-25 04:00:00,0.0,1.0,0.4389632107
2014-04-21 00:00:00,2.828874025,1.0,4.2997491639
2015-01-23 02:00:00,0.0,1.0,2.0018115943
2015-03-03 18:00:00,0.0,0.0,0.0
2015-03-10 12:00:00,0.0,0.0,0.0
2015-09-14 10:00:00,0.0,0.0,0.0
2014-04-05 04:00:00,0.0,0.0,0.0
2014-03-13 06:00:00,2.710423634,1.0,4.750557414
2014-04-09 04:00:00,0.0,0.0,0.0
2015-03-05 18:00:00,0.0,0.0,0.0
2015-02-19 08:00:00,0.0,0.0,0.0
2015-08-10 22:00:00,0.0,0.0,0.0
2014-02-20 14:00:00,0.0,0.0,0.019509476
2014-10-08 08:00:00,0.0,0.0,0.0
2015-02-02 02:00:00,0.0,0.0,0.0
2015-11-28 06:00:00,0.0,0.0,0.0
2014-12-06 12:00:00,0.0,0.0,0.0
2014-05-21 08:00:00,0.00696767,0.0,0.0
2015-02-02 06:00:00,0.0,0.0,0.0
2014-07-29 06:00:00,0.0,0.0,0.0
2015-01-05 06:00:00,0.0,0.0,0.0
2013-12-05 14:00:00,0.0,0.0,0.0
2014-03-08 14:00:00,0.0,0.0,0.0557413601
2015-11-08 14:00:00,0.0,0.0,0.0
2014-12-22 10:00:00,0.0,0.0,0.0
2015-08-21 12:00:00,0.0,0.0,0.0
2014-10-22 18:00:00,0.0,0.0,0.24247722235
2014-06-04 06:00:00,0.0,0.0,0.0
2015-11-05 14:00:00,0.0,0.0,0.0
2014-06-08 16:00:00,0.0,0.0,0.0
2015-01-12 14:00:00,0.0,0.0,0.0
2015-10-09 22:00:00,3.734671126,1.0,4.3088071347
2014-07-06 04:00:00,0.0,0.0,0.0
2013-12-02 20:00:00,0.0,0.0,0.0
2015-10-31 14:00:00,0.0,0.0,0.0
2014-08-28 02:00:00,0.0,0.0,0.0
2015-01-11 16:00:00,0.0,0.0,0.0
2015-01-02 16:00:00,0.0,0.0,0.0
2015-10-31 18:00:00,16.10925307,1.0,2.9967948717
2015-01-12 04:00:00,0.0,0.0,0.0
2015-01-10 08:00:00,0.0,0.0,0.0
2014-07-17 18:00:00,0.0,0.0,0.0
2014-12-04 00:00:00,10.2006689,1.0,15.5936454853
2015-09-19 22:00:00,0.0,0.0,0.0
2014-10-04 04:00:00,0.0,0.0,0.0
2014-08-22 18:00:00,0.0,0.0,0.0
2015-02-17 04:00:00,0.0,0.0,0.0
2014-03-01 06:00:00,0.0,0.0,0.0
2015-03-12 20:00:00,0.0,0.0,0.0
2014-09-24 14:00:00,0.0,0.0,0.0
2014-01-20 18:00:00,0.589084828,1.0,2.0742753624
2014-01-18 22:00:00,6.48690078,1.0,11.178929766
2015-01-16 00:00:00,0.0,0.0,0.0
2013-12-31 14:00:00,0.0,0.0,0.0
2014-04-18 14:00:00,0.0,0.0,0.0
2014-09-26 22:00:00,0.0,0.0,0.0
2014-10-02 12:00:00,0.0,0.0,0.0
2015-03-27 00:00:00,0.0,0.0,0.0
2013-12-07 18:00:00,0.0,0.0,0.0
2014-06-07 10:00:00,0.0,0.0,0.0
2014-12-23 22:00:00,0.0,0.0,0.0
2014-10-22 12:00:00,0.0,0.0,0.0
2014-03-18 22:00:00,0.0,0.0,0.0
2015-02-03 00:00:00,0.0,0.0,0.0
2015-03-16 10:00:00,0.0,0.0,0.0
2013-12-05 18:00:00,0.0,0.0,0.0
2014-02-25 18:00:00,0.0,0.0,0.0
2015-08-12 00:00:00,0.0,0.0,0.0
2015-10-10 00:00:00,0.07664437,1.0,1.6492474915
2015-12-11 12:00:00,0.0,0.0,0.0
2014-05-16 18:00:00,0.0,0.0,0.0
2015-11-29 04:00:00,0.0,0.0,0.0
2014-01-15 16:00:00,0.0,0.0,0.0
2014-08-01 08:00:00,0.0,0.0,0.0
2014-02-16 16:00:00,12.18645485,1.0,10.0919732439
2015-08-18 04:00:00,1.261148272,1.0,9.4063545155
2014-04-22 08:00:00,5.441750279,1.0,7.6776755854
2014-04-07 16:00:00,0.0,0.0,0.0
2014-05-01 04:00:00,0.0,0.0,0.0
2015-12-21 18:00:00,0.0,0.0,0.0
2014-02-23 20:00:00,0.0,0.0,0.0
2014-10-19 14:00:00,0.0,0.0,0.0
2015-12-17 00:00:00,0.0,0.0,0.0
2014-08-17 06:00:00,0.0,0.0,0.0
2015-02-26 14:00:00,0.0,0.0,0.0
2015-03-09 04:00:00,0.0,0.0,0.0
2015-01-06 12:00:00,0.0,0.0,0.0
2014-05-28 00:00:00,19.33528428,1.0,13.3096432539
2014-08-30 00:00:00,0.0,0.0,0.0
2015-03-25 02:00:00,15.98383501,1.0,11.6945373465
2014-02-11 22:00:00,0.0,0.0,0.0
2014-01-31 12:00:00,0.00696767,1.0,0.9462095875
2015-01-31 08:00:00,0.19509476,0.0,0.036231884
2014-06-16 06:00:00,12.45122631,1.0,7.5989409143
2014-03-15 06:00:00,0.0,0.0,0.0
2015-10-30 00:00:00,0.0,0.0,0.0
2014-10-14 08:00:00,6.786510591,1.0,8.3688684507
2014-05-19 20:00:00,0.334448161,0.0,0.0
2015-03-18 02:00:00,3.762541806,1.0,9.2377369004
2014-09-16 06:00:00,0.0,0.0,0.0
2014-08-20 18:00:00,0.0,0.0,0.0
2014-02-28 02:00:00,0.0,0.0,0.0
2015-02-14 20:00:00,0.0,0.0,0.0
2015-11-03 08:00:00,0.0,0.0,0.0
2015-03-06 22:00:00,0.0,0.0,0.0
2014-07-15 22:00:00,0.0,0.0,0.0
2014-05-08 10:00:00,0.0,0.0,0.0
2014-10-27 18:00:00,0.0,0.0,0.0
2014-03-10 00:00:00,0.320512821,1.0,0.0
2013-12-02 14:00:00,0.0,0.0,0.0
2015-02-13 04:00:00,6.925863991,1.0,5.4703177257
2014-10-08 14:00:00,0.0,0.0,0.0
2014-04-19 08:00:00,0.0,0.0,0.0
2014-08-25 08:00:00,0.0,0.0,0.0
2014-07-31 14:00:00,0.0,0.0,0.0
2014-07-07 14:00:00,0.0,0.0,0.0
2014-01-08 16:00:00,0.0,0.0,0.0
2014-07-31 08:00:00,0.0,0.0,0.0
2015-10-13 06:00:00,7.525083612,1.0,5.571348941
2015-03-25 06:00:00,13.07831661,1.0,14.3534002216
2014-03-29 20:00:00,5.142140468,1.0,5.1379598661
2015-03-18 08:00:00,2.062430323,1.0,3.4664158305
2015-08-21 22:00:00,0.0,0.0,0.0
2014-12-05 14:00:00,0.0,1.0,0.1024247491
2014-09-08 14:00:00,0.0,0.0,0.0
2014-06-08 14:00:00,0.0,0.0,0.0
2015-08-16 18:00:00,0.0,0.0,0.0
2014-08-05 04:00:00,0.0,0.0,0.0
2014-02-23 14:00:00,0.0,0.0,0.0
2014-08-17 14:00:00,0.0,0.0,0.0
2015-01-03 10:00:00,0.0,0.0,0.0
2014-09-25 00:00:00,2.306298774,1.0,4.3687290974
2014-10-01 00:00:00,0.0,0.0,0.0
2015-09-29 06:00:00,0.0,0.0,0.0
2013-12-30 08:00:00,0.0,0.0,0.0
2014-01-17 22:00:00,6.25,1.0,8.2664437016
2014-06-24 12:00:00,0.0,0.0,0.0
2015-09-20 08:00:00,0.0,0.0,0.0
2015-01-22 08:00:00,0.0,0.0,1.1001950946
2015-12-02 04:00:00,0.0,0.0,0.0
2014-03-28 10:00:00,9.601449275,1.0,10.3783444822
2014-08-25 12:00:00,0.0,0.0,0.0
2015-11-11 22:00:00,0.0,0.0,0.0
2015-01-08 12:00:00,0.0,0.0,0.0
2015-01-14 22:00:00,0.0,0.0,0.0
2015-11-22 22:00:00,5.608974359,1.0,3.7360646599
2015-11-01 22:00:00,0.438963211,1.0,1.1301560757
2014-03-13 14:00:00,0.0,0.0,0.0
2014-02-23 04:00:00,0.0,0.0,0.0
2014-04-07 00:00:00,0.0,0.0,0.0
2015-10-15 16:00:00,0.0,0.0,0.0
2013-12-11 04:00:00,0.0,0.0,0.0
2014-08-28 22:00:00,0.0,0.0,0.0139374899905
2015-01-29 06:00:00,0.2090301,1.0,2.1376811594
2013-12-10 12:00:00,0.0,0.0,0.0
2015-01-24 06:00:00,0.0,0.0,0.0
2014-12-16 00:00:00,8.200947603,1.0,11.5795707923
2013-11-29 06:00:00,0.0,0.0,0.0
2015-10-15 18:00:00,0.0,0.0,0.0
2014-12-24 12:00:00,0.0,0.0,0.0
2014-12-14 02:00:00,2.689520624,1.0,6.8157748044
2014-01-30 04:00:00,10.38182832,1.0,12.4219620973
2014-02-18 14:00:00,0.12541806,1.0,4.2419175034
2015-09-20 22:00:00,0.0,0.0,0.0
2015-12-03 08:00:00,0.0,0.0,0.0
2015-09-13 10:00:00,0.0,0.0,0.0
2014-10-28 02:00:00,0.0,0.0,0.0
2013-12-08 22:00:00,0.0,0.0,0.0
2014-12-23 06:00:00,0.0,1.0,0.0801282051
2015-01-26 10:00:00,0.0,0.0,0.0
2014-11-01 02:00:00,0.0,0.0,0.0
2014-01-13 16:00:00,0.0,0.0,0.0
2014-07-08 12:00:00,0.0,0.0,0.0
2014-06-30 00:00:00,0.0,0.0,0.0
2014-03-30 04:00:00,8.674749164,1.0,14.7240802694
2015-08-22 08:00:00,0.0,0.0,0.0
2014-03-10 20:00:00,0.0,1.0,1.3454570792
2013-12-26 08:00:00,9.336677815,1.0,8.6977424765
2014-11-02 08:00:00,0.094910964,0.0,0.0
2015-03-17 04:00:00,0.00696767,0.0,0.0
2014-08-05 02:00:00,0.0,0.0,0.0
2014-07-19 04:00:00,0.0,0.0,0.0
2014-10-23 20:00:00,0.0,0.0,0.0
2014-10-31 06:00:00,0.0,0.0,0.0
2014-03-11 18:00:00,0.0,1.0,0.8437848383
2013-12-10 14:00:00,0.0,0.0,0.0
2015-03-17 06:00:00,1.518952062,0.0,0.3567447046
2015-02-15 08:00:00,0.0,0.0,0.0
2014-10-17 08:00:00,0.0,0.0,0.034141583
2014-10-18 02:00:00,0.0,0.0,0.0
2014-05-19 14:00:00,0.0,0.0,0.0
2014-05-13 20:00:00,0.0,0.0,0.0
2013-12-06 04:00:00,0.0,0.0,0.0
2013-11-28 10:00:00,0.0696767,0.0,0.0
2014-01-07 16:00:00,0.0,0.0,0.0
2014-10-02 02:00:00,0.0,0.0,0.0
2014-09-06 02:00:00,0.0,0.0,0.0
2015-01-28 12:00:00,0.0,0.0,0.0
2014-05-21 16:00:00,0.0,0.0,0.0
2015-03-10 00:00:00,0.0,0.0,0.0
2014-08-20 00:00:00,0.0,0.0,0.0
2014-08-26 04:00:00,0.0,0.0,0.0
2015-02-21 04:00:00,4.229375697,1.0,2.1794871795
2014-04-17 08:00:00,0.0,0.0,0.0
2014-03-15 18:00:00,0.0,0.0,0.0
2014-05-07 20:00:00,0.0,0.0,0.0
2014-09-07 16:00:00,0.0,0.0,0.0
2015-10-01 04:00:00,0.0,0.0,0.0
2014-07-28 14:00:00,0.0,0.0,0.0
2015-10-11 10:00:00,0.0,0.0,0.018115942
2015-01-06 02:00:00,0.0,0.0,0.0
2015-01-23 16:00:00,0.0,0.0,0.0
2014-07-29 10:00:00,0.0,0.0,0.0
2014-09-08 08:00:00,0.0,0.0,0.0
2014-09-14 14:00:00,0.0,0.0,0.0
2015-01-15 16:00:00,0.0,0.0,0.0
2014-10-31 08:00:00,0.0,0.0,0.0
2014-04-30 00:00:00,0.0,0.0,0.0
2015-02-14 00:00:00,0.0,0.0,0.0
2015-02-18 18:00:00,0.0,1.0,0.0
2015-01-30 06:00:00,0.0,0.0,0.0
2015-11-03 00:00:00,5.706521739,1.0,5.2480490527
2013-12-08 12:00:00,0.0,0.0,0.0
2015-09-27 08:00:00,0.0,0.0,0.0
2015-12-20 20:00:00,0.0,0.0,0.0
2015-10-13 20:00:00,3.121516165,1.0,2.2853957637
2013-12-20 22:00:00,0.0,0.0,1.0381828317
2014-09-29 08:00:00,2.125139353,1.0,5.5316332222
2015-08-04 10:00:00,0.0,0.0,0.0
2014-08-08 00:00:00,0.0,0.0,0.0
2014-03-10 22:00:00,0.355351171,1.0,1.7586399109
2014-05-14 18:00:00,0.0,0.0,0.0
2014-10-03 02:00:00,0.0,0.0,0.0
2014-09-09 08:00:00,0.0,0.0,0.0
2013-12-07 14:00:00,0.0,0.0,0.0
2014-09-07 00:00:00,0.0,0.0,0.0
2014-09-29 12:00:00,0.0,0.0,0.014632107
2014-03-12 20:00:00,2.250557414,1.0,4.3304069117
2015-01-08 16:00:00,0.0,0.0,0.0
2014-02-26 16:00:00,0.0,0.0,0.0
2015-09-23 08:00:00,0.0,0.0,0.0
2014-05-12 10:00:00,0.0,0.0,0.0
2015-09-03 08:00:00,0.0,0.0,0.0
2014-02-23 08:00:00,0.0,0.0,0.0
2015-11-07 02:00:00,0.0,0.0,0.0
2014-02-28 04:00:00,0.0,0.0,0.0
2015-09-20 02:00:00,0.0,0.0,0.0
2014-02-08 08:00:00,0.0,0.0,0.0
2014-01-11 14:00:00,0.0,0.0,0.0
2014-09-30 22:00:00,0.0,0.0,0.0
2014-12-02 12:00:00,7.622630992,1.0,4.5032051284
2014-03-28 14:00:00,1.630434783,1.0,7.7041527316
2014-05-12 12:00:00,0.0,0.0,0.0
2014-01-13 04:00:00,0.0,0.0,0.0
2014-04-19 22:00:00,0.0,1.0,0.3065774804
2014-08-27 20:00:00,0.0,0.0,0.0
2015-03-26 04:00:00,9.155518395,1.0,9.653706801
2014-04-12 14:00:00,0.0,0.0,0.0
2014-02-25 22:00:00,0.0,0.0,0.0
2014-07-08 16:00:00,0.0,0.0,0.0
2014-01-16 22:00:00,2.013656633,1.0,0.5563684503
2014-08-27 22:00:00,0.0,0.0,0.0
2015-09-07 10:00:00,0.0,0.0,0.0
2014-05-20 12:00:00,0.0,0.0,0.0
2014-03-03 22:00:00,9.239130435,1.0,4.7498606479
2014-01-08 20:00:00,0.0,0.0,0.0
2015-01-28 10:00:00,0.0,0.0,0.0
2014-10-06 02:00:00,0.05574136,0.0,0.01393534
2014-04-27 04:00:00,0.0,0.0,0.0
2014-02-08 20:00:00,0.710702341,1.0,3.3612040131
2014-08-26 14:00:00,0.0,0.0,0.0
2014-08-01 10:00:00,0.0,0.0,0.0
2014-03-17 12:00:00,0.0,0.0,0.0
2015-02-12 02:00:00,0.0,1.0,0.0836120401
2015-12-14 22:00:00,0.0,0.0,0.0
2014-08-04 06:00:00,0.0,0.0,0.0
2015-12-08 16:00:00,0.0,0.0,0.0
2014-07-15 00:00:00,0.0,0.0,0.0
2014-04-10 10:00:00,0.0,0.0,0.0
2015-11-27 18:00:00,0.0,1.0,1.0207636567
2015-01-12 18:00:00,0.0,0.0,0.0
2014-10-14 18:00:00,8.835005574,1.0,2.2477703456
2015-09-20 12:00:00,0.0,0.0,0.0
2014-02-10 14:00:00,0.0,1.0,2.5571348941
2015-01-28 06:00:00,1.121794872,1.0,1.7572463769
2015-10-12 10:00:00,0.870958751,1.0,0.6939799331
2015-02-21 08:00:00,0.02090301,1.0,2.5543478261
2015-10-31 16:00:00,0.00696767,0.0,0.2027591973
2014-08-21 00:00:00,0.0,0.0,0.0
2015-09-01 00:00:00,0.0,0.0,0.0
2014-03-03 14:00:00,0.0,0.0,0.0
2014-06-11 02:00:00,0.0,0.0,0.0
2014-04-29 12:00:00,0.0,0.0,0.0
2014-12-23 18:00:00,0.0,0.0,0.0
2015-02-26 16:00:00,0.0,0.0,0.0
2014-10-23 14:00:00,0.0,0.0,0.0
2014-06-03 06:00:00,0.0,0.0,0.0
2014-02-20 16:00:00,0.0,0.0,0.0
2015-10-15 12:00:00,0.0,0.0,0.0
2015-09-24 00:00:00,0.0,0.0,0.0
2014-06-25 14:00:00,0.0,0.0,0.0
2014-04-05 10:00:00,0.0,0.0,0.0
2015-09-20 20:00:00,0.0,0.0,0.0
2014-05-18 06:00:00,1.010312152,1.0,6.144091416
2015-01-31 16:00:00,30.2745262,1.0,18.6858974343
2014-01-18 06:00:00,14.56939799,1.0,12.1432552958
2015-01-08 10:00:00,0.0,0.0,0.0
2015-02-21 16:00:00,3.100613155,1.0,1.0583890747
2014-01-19 02:00:00,13.81688963,1.0,8.8775083612
2014-02-11 20:00:00,0.0,0.0,0.0
2015-01-04 22:00:00,0.0,0.0,0.0
2015-11-02 10:00:00,0.0,1.0,2.6323857304
2015-10-31 08:00:00,0.02787068,1.0,4.0363712375
2015-08-11 20:00:00,0.0,0.0,0.0
2015-12-10 06:00:00,0.0,0.0,0.0
2015-01-07 20:00:00,0.0,0.0,0.0
2015-10-03 00:00:00,0.0,0.0,0.0
2015-09-25 00:00:00,0.0,0.0,0.0
2014-09-29 10:00:00,0.04877369,1.0,0.1693143813
2015-02-26 18:00:00,0.0,0.0,0.0
2015-01-06 18:00:00,0.0,0.0,0.0
2014-10-21 06:00:00,0.0,0.0,0.02787068
2015-10-19 18:00:00,1.073021182,1.0,3.4566610925
2015-08-04 00:00:00,0.0,0.0,0.0
2014-08-22 00:00:00,0.0,0.0,0.0
2014-03-22 04:00:00,0.0,0.0,0.0
2014-04-25 12:00:00,0.0,0.0,0.0
2014-09-05 20:00:00,0.0,0.0,0.0
2015-12-18 16:00:00,0.0,0.0,0.0
2015-03-17 22:00:00,3.985507246,1.0,6.4325529547
2014-07-20 00:00:00,0.0,0.0,0.0
2015-09-28 04:00:00,0.0,0.0,0.0
2015-10-12 12:00:00,0.313545151,1.0,1.3524247491
2014-03-20 16:00:00,0.0,0.0,0.0
2014-12-14 22:00:00,5.783166109,1.0,6.2228260872
2014-01-29 08:00:00,13.01560758,1.0,11.5238294319
2014-02-25 06:00:00,0.0,0.0,0.3637123746
2014-08-26 20:00:00,0.0,0.0,0.0
2014-10-24 16:00:00,0.0,0.0,0.0
2014-10-17 20:00:00,0.0,0.0,0.0
2014-01-19 16:00:00,16.57608696,1.0,14.9317168321
2014-01-19 10:00:00,15.50306577,1.0,13.5033444791
2015-09-23 22:00:00,0.0,0.0,0.0
2014-06-22 16:00:00,0.0,0.0,0.0
2015-12-15 14:00:00,0.0,0.0,0.0
2014-10-08 20:00:00,0.0,0.0,0.0
2013-12-28 16:00:00,4.103957637,0.0,1.2897157191
2014-07-10 14:00:00,0.0,0.0,0.0
2014-02-09 06:00:00,0.0,0.0,0.0
2014-08-02 16:00:00,0.0,0.0,0.0
2015-01-08 04:00:00,0.0,0.0,0.0
2014-05-08 02:00:00,0.0,0.0,0.0
2014-12-26 12:00:00,0.0,0.0,0.0
2014-05-17 02:00:00,0.0,0.0,0.0
2014-10-30 08:00:00,0.0,0.0,0.0
2013-12-23 10:00:00,0.0,0.0,0.0
2015-10-11 14:00:00,0.0,0.0,0.0292653695008
2014-10-08 12:00:00,0.0,0.0,0.0
2014-05-15 14:00:00,0.0,0.0,0.0
2014-12-05 02:00:00,5.016722408,1.0,2.8435061315
2015-11-09 12:00:00,0.0,0.0,0.0
2014-08-27 14:00:00,0.0,0.0,0.0
2015-08-18 02:00:00,6.911928651,1.0,7.8609253064
2014-06-06 10:00:00,0.0,0.0,0.0
2013-11-28 20:00:00,0.0,0.0,0.0
2015-09-12 06:00:00,0.0,0.0,0.0
2014-02-28 00:00:00,0.0,0.0,0.0
2014-01-28 18:00:00,4.612597547,1.0,5.8772296548
2014-12-15 22:00:00,11.90774805,1.0,11.9265607566
2015-02-26 00:00:00,0.0,0.0,0.0
2014-08-01 02:00:00,0.0,0.0,0.0
2014-01-07 08:00:00,0.0,0.0,0.0
2015-12-22 10:00:00,0.0,0.0,0.0
2014-09-10 16:00:00,0.0,0.0,0.0
2015-09-25 10:00:00,0.0,0.0,0.0
2014-09-26 06:00:00,0.0,0.0,0.0
2014-12-25 20:00:00,0.0,0.0,0.0
2015-01-07 06:00:00,0.0,0.0,0.0
2014-06-24 06:00:00,12.61845039,1.0,13.1117614276
2014-07-19 00:00:00,0.0,0.0,0.0
2015-02-18 14:00:00,0.0,1.0,1.0151895204
2014-10-26 06:00:00,0.0,0.0,0.0
2015-12-14 00:00:00,0.0,0.0,0.0
2014-12-13 06:00:00,0.0,0.0,0.0
2014-12-14 12:00:00,0.00696767,1.0,0.4103957637
2014-06-08 02:00:00,0.0,0.0,0.0
2014-01-01 02:00:00,0.0,0.0,0.0
2014-10-24 06:00:00,0.0,0.0,0.0
2014-12-27 04:00:00,0.0,0.0,0.0
2015-10-21 04:00:00,0.0,0.0,0.0
2015-03-07 02:00:00,0.0,0.0,0.0
2015-08-20 06:00:00,0.0,0.0,0.0
2015-10-01 20:00:00,0.0,0.0,0.0
2014-10-16 14:00:00,0.05574136,0.0,0.0
2014-06-27 02:00:00,0.0,0.0,0.0
2014-02-28 20:00:00,0.0,0.0,0.0
2015-02-01 12:00:00,6.05490524,1.0,4.5596432555
2015-08-10 18:00:00,0.0,0.0,0.0
2015-09-22 10:00:00,0.0,0.0,0.0
2014-01-30 18:00:00,0.26477146,1.0,4.0726031216
2015-02-26 20:00:00,0.0,0.0,0.0
2015-02-01 00:00:00,17.06382386,1.0,14.6551003335
2014-12-21 00:00:00,0.0,0.0,0.0
2013-11-28 18:00:00,0.0,0.0,0.0
2014-05-02 18:00:00,0.0,0.0,0.0
2015-10-18 18:00:00,0.0,0.0,0.0
2015-01-23 00:00:00,0.09057971,1.0,4.99303233
2014-12-24 22:00:00,0.0,0.0,0.0
2014-02-01 04:00:00,17.14046823,1.0,11.4074693436
2014-04-26 22:00:00,0.0,0.0,0.0
2014-07-18 12:00:00,0.0,0.0,0.0
2014-02-05 22:00:00,0.0,0.0,0.0
2014-10-08 00:00:00,0.0,0.0,0.0
2015-08-10 12:00:00,0.0,0.0,0.0
2015-09-11 20:00:00,0.0,0.0,0.0
2014-09-25 12:00:00,0.0,0.0,0.0
2015-10-16 08:00:00,0.0,0.0,0.0
2015-09-24 18:00:00,0.0,0.0,0.0
2014-08-19 14:00:00,0.0,0.0,0.0
2015-12-03 00:00:00,0.0,0.0,0.0
2014-04-09 20:00:00,0.0,0.0,0.0
2015-12-15 12:00:00,0.0,0.0,0.0
2015-01-15 20:00:00,0.0,0.0,0.0
2014-10-25 22:00:00,0.0,0.0,0.0
2014-10-25 02:00:00,0.0,0.0,0.0
2014-04-23 12:00:00,0.0,0.0,0.0
2014-08-08 02:00:00,0.0,0.0,0.0
2014-03-20 12:00:00,0.03483835,0.0,0.0
2015-08-12 22:00:00,0.01393534,0.0,0.0571348941
2015-11-04 10:00:00,0.0,0.0,0.0
2014-02-17 06:00:00,15.12681159,1.0,15.684225194
2015-11-18 12:00:00,0.0,0.0,0.0
2014-07-06 20:00:00,5.804069119,1.0,4.1882664438
2015-12-14 16:00:00,0.0,0.0,0.0
2015-09-28 22:00:00,0.0,0.0,0.0
2015-03-04 22:00:00,0.0,0.0,0.0
2014-01-31 20:00:00,13.51031215,1.0,11.8666387963
2015-02-14 10:00:00,0.0,0.0,0.0
2015-02-18 10:00:00,1.031215162,1.0,1.4360367894
2015-01-26 22:00:00,0.0,0.0,0.0
2013-12-07 02:00:00,0.0,0.0,0.0
2014-12-25 16:00:00,0.0,0.0,0.0
2015-03-05 22:00:00,0.0,0.0,0.0
2015-02-21 02:00:00,7.901337793,1.0,11.6499442598
2015-02-25 06:00:00,0.0,0.0,0.0
2014-01-19 22:00:00,8.758361204,1.0,17.350195096
2014-10-20 02:00:00,0.0,0.0,0.0
2015-10-17 20:00:00,0.0,0.0,0.0
2014-06-04 14:00:00,0.0,0.0,0.0
2015-02-04 20:00:00,8.047658863,1.0,6.9572185062
2015-08-17 16:00:00,0.578316611,0.0,0.0
2015-09-06 10:00:00,0.0,0.0,0.0
2015-09-27 02:00:00,0.0,0.0,0.0
2015-09-05 14:00:00,0.0,0.0,0.0
2015-03-06 18:00:00,0.0,0.0,0.0
2014-02-17 22:00:00,22.43589744,1.0,13.4692028986
2015-01-11 06:00:00,0.0,0.0,0.0
2015-10-18 16:00:00,0.0,0.0,0.0
2015-11-19 10:00:00,0.0,0.0,0.0
2014-06-05 22:00:00,0.0,0.0,0.0
2015-11-06 02:00:00,0.0,0.0,0.0
2014-04-28 02:00:00,0.0,0.0,0.0
2015-02-26 08:00:00,0.0,0.0,0.0
2014-01-30 22:00:00,0.13238573,1.0,2.9744983277
2014-05-02 22:00:00,0.0,0.0,0.0
2014-05-18 20:00:00,0.01393534,0.0,0.0
2014-12-18 00:00:00,0.0,0.0,0.0
2014-03-01 10:00:00,0.07664437,0.0,0.0
2014-06-07 02:00:00,0.0,0.0,0.0
2015-03-23 14:00:00,6.40328874,1.0,1.7739687849
2014-12-22 20:00:00,0.0,0.0,0.0
2014-06-08 08:00:00,0.0,0.0,0.0
2014-12-08 08:00:00,0.0,0.0,0.0
2014-09-17 00:00:00,0.0,0.0,0.0
2014-10-01 08:00:00,0.0,0.0,0.0
2015-09-01 04:00:00,0.0,0.0,0.0
2014-12-01 02:00:00,16.1022854,1.0,15.5086399113
2014-07-30 02:00:00,0.0,0.0,0.0
2014-09-26 00:00:00,0.0,0.0,0.0
2015-01-27 12:00:00,0.0,0.0,0.0
2014-07-08 20:00:00,0.0,0.0,0.0
2015-10-18 10:00:00,0.07664437,0.0,0.0
2014-10-07 00:00:00,0.0,0.0,0.0
2014-06-10 14:00:00,0.362318841,0.0,0.031354515
2013-12-25 02:00:00,0.0,0.0,0.0
2014-03-29 10:00:00,2.257525084,1.0,4.9101170569
2014-05-15 06:00:00,0.0,0.0,0.0
2014-03-01 04:00:00,0.0,0.0,0.0
2015-02-01 20:00:00,0.0,0.0,0.0
2015-10-03 02:00:00,0.0,0.0,0.0
2014-10-17 14:00:00,0.0,0.0,0.0
2015-02-04 06:00:00,9.357580825,1.0,10.4424470458
2014-06-28 20:00:00,0.0,0.0,0.0
2014-04-05 22:00:00,0.0,0.0,0.0
2014-04-11 08:00:00,0.0,0.0,0.0
2014-06-21 06:00:00,0.0,0.0,0.0
2014-08-25 22:00:00,0.0,0.0,0.0
2015-08-25 10:00:00,0.0,0.0,0.0
2014-08-16 20:00:00,0.0,0.0,0.0
2014-03-30 10:00:00,0.0,0.0,0.0
2014-03-19 12:00:00,0.12541806,0.0,0.0
2014-03-03 16:00:00,0.02090301,0.0,0.0
2014-02-17 08:00:00,23.48104794,1.0,15.363712374
2015-08-12 14:00:00,0.0,0.0,0.0
2014-04-11 10:00:00,0.0,0.0,0.0
2015-03-11 00:00:00,0.0,0.0,0.0
2015-10-13 10:00:00,1.031215162,1.0,2.471432553
2014-03-08 10:00:00,0.0,0.0,0.0
2014-02-23 06:00:00,0.0,0.0,0.0
2014-01-09 16:00:00,0.0,0.0,0.0
2014-01-01 08:00:00,0.0,0.0,0.0
2015-03-17 14:00:00,0.0,0.0,0.011845039
2014-12-16 18:00:00,9.462095875,1.0,2.5808249722
2014-08-23 02:00:00,0.0,0.0,0.0
2014-07-14 16:00:00,0.0,0.0,0.0
2015-11-13 00:00:00,0.0,0.0,0.0
2015-10-18 06:00:00,0.0,0.0,0.9984671126
2014-05-21 04:00:00,0.320512821,1.0,4.8049052401
2015-02-05 12:00:00,0.0,0.0,0.1010312152
2015-01-07 12:00:00,0.0,0.0,0.0
2015-08-18 22:00:00,0.0,1.0,0.1672240802
2014-04-25 02:00:00,0.0,0.0,0.0
2014-10-05 18:00:00,6.07580825,1.0,2.2630992195
2014-06-10 08:00:00,2.745261984,1.0,6.5008361211
2014-08-29 10:00:00,0.0,0.0,0.0
2014-05-12 14:00:00,0.0,0.0,0.0
2014-03-12 02:00:00,6.904960981,1.0,5.1219342252
2014-02-16 14:00:00,4.417502787,1.0,3.3500557413
2014-06-22 22:00:00,0.0,0.0,0.0
2014-09-15 04:00:00,0.0,0.0,0.0
2013-12-03 18:00:00,0.0,0.0,0.0
2015-01-12 16:00:00,0.0,0.0,0.0
2014-09-09 14:00:00,0.0,0.0,0.0
2014-12-17 04:00:00,0.0,0.0,0.0
2014-12-01 16:00:00,9.385451505,1.0,10.1560758078
2015-09-10 22:00:00,0.0,0.0,0.0
2015-01-23 14:00:00,0.0,0.0,0.0
2014-02-08 14:00:00,0.0,0.0,0.0
2013-12-28 08:00:00,0.00696767,1.0,0.0857023411
2013-12-27 22:00:00,0.0,0.0,0.0
2014-08-18 06:00:00,0.0,0.0,0.0
2015-12-19 18:00:00,0.0,0.0,0.0
2014-01-18 08:00:00,12.55574136,1.0,13.1758639901
2014-05-15 16:00:00,0.0,0.0,0.0
2014-06-09 04:00:00,0.0,0.0,0.1888238573
2014-09-17 14:00:00,0.0,0.0,0.0
2014-08-16 16:00:00,0.0,0.0,0.0139362208685
2014-10-02 06:00:00,0.0,0.0,0.0
2014-05-16 08:00:00,0.0,0.0,0.0
2014-01-16 16:00:00,0.613154961,1.0,0.4891304349
2014-03-12 14:00:00,0.04180602,1.0,0.3839186176
2015-10-29 16:00:00,0.0,0.0,0.0
2014-10-09 18:00:00,0.0,0.0,0.0
2015-08-05 06:00:00,0.0,0.0,0.0
2013-12-01 02:00:00,0.0,0.0,0.0
2015-09-12 18:00:00,0.0,0.0,0.0
2015-10-03 08:00:00,0.0,0.0,0.0
2014-05-22 14:00:00,0.00696767,0.0,0.0
2014-07-06 10:00:00,0.0,0.0,0.0
2014-07-21 14:00:00,0.0,0.0,0.0
2013-12-02 04:00:00,0.0,0.0,0.0
2015-11-10 00:00:00,0.0,0.0,0.0
2014-04-30 08:00:00,0.0,0.0,0.0
2014-10-04 10:00:00,0.0,0.0,0.0
2014-09-28 22:00:00,8.855908584,1.0,10.0634057967
2015-08-25 20:00:00,0.0,0.0,0.1651337792
2015-01-24 10:00:00,0.0,0.0,0.0
2015-03-12 22:00:00,0.0,0.0,0.0
2014-01-27 04:00:00,0.0,0.0,0.0
2014-08-08 18:00:00,0.0,0.0,0.0
2015-02-15 06:00:00,0.0,0.0,0.0
2014-07-21 06:00:00,0.0,0.0,0.0
2014-05-17 06:00:00,0.0,0.0,0.0
2014-12-21 06:00:00,0.0,0.0,0.0
2015-02-20 18:00:00,6.50083612,1.0,4.8968784842
2014-04-07 20:00:00,0.0,0.0,0.0
2013-12-24 08:00:00,0.0,0.0,0.0
2014-06-26 14:00:00,0.0,0.0,0.0
2014-09-10 08:00:00,0.0,0.0,0.0
2014-09-06 14:00:00,0.0,0.0,0.0
2015-09-21 00:00:00,0.0,0.0,0.0
2015-09-21 02:00:00,0.0,0.0,0.0
2015-12-22 08:00:00,0.0,0.0,0.0
2015-01-05 02:00:00,0.0,0.0,0.0
2014-06-19 06:00:00,26.88823857,1.0,24.873885172
2014-12-28 22:00:00,5.539297659,1.0,2.0366499444
2015-11-29 16:00:00,0.0,0.0,0.0
2014-09-06 04:00:00,0.0,0.0,0.0
2015-08-10 20:00:00,0.0,0.0,0.0
2015-03-12 04:00:00,0.0,0.0,0.0
2014-09-30 00:00:00,7.086120401,1.0,8.0595039019
2015-09-03 22:00:00,1.797658863,0.0,4.1116220735
2014-08-04 04:00:00,0.0,0.0,0.0
2014-04-01 12:00:00,0.0,0.0,0.0
2014-09-14 12:00:00,0.0,0.0,0.0
2015-01-16 02:00:00,0.0,0.0,0.0
2015-12-01 12:00:00,0.0,0.0,0.0
2014-02-22 14:00:00,0.0,0.0,0.0
2014-08-06 00:00:00,0.0,0.0,0.0
2013-12-26 20:00:00,18.49219621,1.0,12.4693422526
2014-02-25 20:00:00,0.0,0.0,0.0
2014-02-27 04:00:00,0.0,0.0,0.0
2014-03-19 04:00:00,0.0,0.0,0.0
2013-12-19 22:00:00,5.476588629,1.0,3.7311872912
2014-10-21 04:00:00,0.0,0.0,0.0
2014-08-24 06:00:00,0.0,0.0,0.0
2015-10-09 20:00:00,2.529264214,1.0,3.5939241916
2014-06-16 02:00:00,17.87904125,1.0,8.9255852842
2014-05-13 14:00:00,0.0,0.0,0.0
2015-02-03 14:00:00,0.0,0.0,0.0
2015-11-29 14:00:00,0.0,0.0,0.026477146
2014-04-27 00:00:00,0.0,0.0,0.0
2015-01-14 14:00:00,0.0,0.0,0.0
2014-09-05 18:00:00,0.0,0.0,0.0
2015-10-22 10:00:00,0.0,0.0,1.4583333333
2014-07-31 18:00:00,0.0,0.0,0.0
2015-11-18 14:00:00,0.0,0.0,0.0
2015-01-25 06:00:00,0.0,0.0,0.0
2015-09-08 22:00:00,3.567447046,1.0,2.7759197325
2014-04-22 00:00:00,3.992474916,1.0,4.6153846154
2014-01-21 14:00:00,0.390189521,1.0,0.01393534
2014-03-10 06:00:00,0.0,1.0,2.7459587515
2013-11-30 14:00:00,0.0,0.0,0.0
2015-09-26 06:00:00,0.0,0.0,0.0
2015-11-19 08:00:00,0.0,0.0,0.0
2014-10-24 08:00:00,0.0,0.0,0.0
2013-12-13 04:00:00,0.0,0.0,0.0
2015-11-22 18:00:00,3.483835006,1.0,3.4705964328
2014-10-02 16:00:00,0.0,0.0,0.0
2014-07-20 08:00:00,0.0,0.0,0.0
2014-02-07 12:00:00,0.06270903,0.0,0.0647993311
2014-05-08 12:00:00,0.0,0.0,0.0
2015-11-24 10:00:00,0.0,0.0,0.0
2015-09-12 20:00:00,0.0,0.0,0.0
2014-08-07 20:00:00,0.0,0.0,0.0
2015-10-24 08:00:00,0.0,1.0,0.2654682274
2015-10-03 04:00:00,0.0,0.0,0.0
2014-01-28 00:00:00,0.0,1.0,4.9407748046
2015-03-06 14:00:00,0.0,0.0,0.0
2015-02-03 02:00:00,0.0,0.0,0.0
2015-08-17 22:00:00,8.528428094,1.0,16.5252229641
2015-08-05 00:00:00,0.0,0.0,0.0
2014-10-19 18:00:00,0.0,0.0,0.0
2014-06-22 04:00:00,6.891025641,1.0,4.6328037907
2014-02-26 10:00:00,0.0,0.0,0.0
2015-09-01 22:00:00,0.0,0.0,0.0
2015-11-28 00:00:00,0.0,0.0,0.0
